County,X,Y,OBJECTID,PPIN,NAME,STREET,CITY,STATE,ZIP,STFIP,CNTY,NMCNTY,LOCALE,LAT,LON,CBSA,NMCBSA,CBSATYPE,CSA,NMCSA,NECTA,NMNECTA,CD,SLDL,SLDU,SCHOOLYEAR,Census_Tract,GEOID,total_pop_estimate,white_estimate,black_estimate,native_american_estimate,asian_estimate,pacific_islander_estimate,other_race_estimate,two_or_more_estimate,med_inc_estimate,total_pop_moe,white_moe,black_moe,native_american_moe,asian_moe,pacific_islander_moe,other_race_moe,two_or_more_moe,med_inc_moe
Acadia Parish,-92.369765,30.225854,8801,2028727,NORTHSIDE CHRISTIAN SCHOOL,809 E NORTHERN AVE,CROWLEY,LA,70526,22,22001,Acadia Parish,32,30.225854,-92.369765,29180,"Lafayette, LA",1,318,"Lafayette-Opelousas-Morgan City, LA",N,N,2203,22042,22025,2021-2022,22001960801,22001,57674,45230,9511,248,95,0,157,2433,44977,,374,508,296,62,33,156,586,2841
Acadia Parish,-92.492455,30.318103,8799,539857,ST FRANCIS SCHOOL,490 SAINT JOSEPH AVE,IOTA,LA,70543,22,22001,Acadia Parish,42,30.318103,-92.492455,29180,"Lafayette, LA",1,318,"Lafayette-Opelousas-Morgan City, LA",N,N,2203,22041,22025,2021-2022,22001960801,22001,57674,45230,9511,248,95,0,157,2433,44977,,374,508,296,62,33,156,586,2841
Acadia Parish,-92.215586,30.40777,8797,539744,OUR MOTHER OF PEACE ELEMENTARY,218 N ROGERS ST,CHURCH POINT,LA,70525,22,22001,Acadia Parish,31,30.40777,-92.215586,29180,"Lafayette, LA",1,318,"Lafayette-Opelousas-Morgan City, LA",N,N,2203,22041,22026,2021-2022,22001960801,22001,57674,45230,9511,248,95,0,157,2433,44977,,374,508,296,62,33,156,586,2841
Acadia Parish,-92.37062,30.226237,8798,539777,ST MICHAEL ELEMENTARY SCHOOL,805 E NORTHERN AVE,CROWLEY,LA,70526,22,22001,Acadia Parish,32,30.226237,-92.37062,29180,"Lafayette, LA",1,318,"Lafayette-Opelousas-Morgan City, LA",N,N,2203,22042,22025,2021-2022,22001960402,22001,57674,45230,9511,248,95,0,157,2433,44977,,374,508,296,62,33,156,586,2841
Acadia Parish,-92.267062,30.232649,8800,540115,RAYNE CATHOLIC ELEMENTARY,407 S POLK ST,RAYNE,LA,70578,22,22001,Acadia Parish,31,30.232649,-92.267062,29180,"Lafayette, LA",1,318,"Lafayette-Opelousas-Morgan City, LA",N,N,2203,22042,22026,2021-2022,22001960602,22001,57674,45230,9511,248,95,0,157,2433,44977,,374,508,296,62,33,156,586,2841
Allen Parish,-92.71423,30.518285,8803,A1101131,INDIAN BIBLE ACADEMY,152 INDIAN CHURCH RD,ELTON,LA,70532,22,22003,Allen Parish,43,30.518285,-92.71423,N,N,N,N,N,N,N,2204,22032,22028,2021-2022,22003950502,22003,22798,16916,4052,395,164,0,269,1002,52755,,325,193,111,28,26,111,349,6411
Androscoggin County,-93.29455,32.641564,9077,541061,GLENBROOK SCHOOL,1674 COUNTRY CLUB CIR,MINDEN,LA,71055,22,22119,Webster Parish,41,32.641564,-93.29455,33380,"Minden, LA",2,508,"Shreveport-Bossier City-Minden, LA",N,N,2204,22010,22036,2021-2022,23001030200,23001,111532,100100,4863,78,1141,18,456,4876,64500,,357,414,88,240,27,195,565,2165
Ascension Parish,-92.36762,30.221626,8802,A0701071,NOTRE DAME HIGH SCHOOL,910 N EASTERN AVE,CROWLEY,LA,70526,22,22001,Acadia Parish,32,30.221626,-92.36762,29180,"Lafayette, LA",1,318,"Lafayette-Opelousas-Morgan City, LA",N,N,2203,22042,22025,2021-2022,22005031001,22005,126973,85412,29074,305,1525,97,4679,5881,93800,,514,843,138,294,123,596,1005,3514
Ascension Parish,-90.871541,30.26687,8806,A1501773,THE CHURCH ACADEMY,13423 HWY 431,SAINT AMANT,LA,70774,22,22005,Ascension Parish,21,30.26687,-90.871541,12940,"Baton Rouge, LA",1,N,N,N,N,2206,22088,22018,2021-2022,22005030600,22005,126973,85412,29074,305,1525,97,4679,5881,93800,,514,843,138,294,123,596,1005,3514
Ascension Parish,-90.985131,30.10211,8804,1605923,ASCENSION CATHOLIC DIOCESAN REGIONAL SCHOOL,311 SAINT VINCENT ST,DONALDSONVILLE,LA,70346,22,22005,Ascension Parish,31,30.10211,-90.985131,12940,"Baton Rouge, LA",1,N,N,N,N,2202,22058,22002,2021-2022,22005030501,22005,126973,85412,29074,305,1525,97,4679,5881,93800,,514,843,138,294,123,596,1005,3514
Ascension Parish,-90.892165,30.219041,8805,2028738,"ASCENSION CHRISTIAN SCHOOL, ELEMENTARY",10473 AIRLINE HWY,GONZALES,LA,70737,22,22005,Ascension Parish,21,30.219041,-90.892165,12940,"Baton Rouge, LA",1,N,N,N,N,2206,22088,22018,2021-2022,22005030102,22005,126973,85412,29074,305,1525,97,4679,5881,93800,,514,843,138,294,123,596,1005,3514
Assumption Parish,-90.904433,30.208293,8807,A2101871,GONZALES BAPTIST ACADEMY,2807 S HODGESON AVE,GONZALES,LA,70737,22,22005,Ascension Parish,21,30.208293,-90.904433,12940,"Baton Rouge, LA",1,N,N,N,N,2202,22058,22018,2021-2022,22007050300,22007,21067,13836,6091,98,88,0,16,938,47023,,169,194,41,114,26,27,220,3781
Avoyelles Parish,-91.983495,30.965052,8812,Y0538795,ST JOSEPH SCHOOL K-12,3406 HWY 107 S,PLAUCHEVILLE,LA,71362,22,22009,Avoyelles Parish,42,30.965052,-91.983495,N,N,N,N,N,N,N,2205,22028,22028,2021-2022,22009030702,22009,39529,25755,10126,315,251,12,295,2775,38696,,268,581,131,39,17,167,684,5175
Avoyelles Parish,-91.054913,29.990722,8808,539187,ST ELIZABETH SCHOOL,6051 CONVENT ST,PAINCOURTVILLE,LA,70391,22,22007,Assumption Parish,31,29.990722,-91.054913,12940,"Baton Rouge, LA",1,N,N,N,N,2202,22060,22002,2021-2022,22009030702,22009,39529,25755,10126,315,251,12,295,2775,38696,,268,581,131,39,17,167,684,5175
Avoyelles Parish,-92.190113,30.952786,8810,538944,ST ANTHONY SCHOOL,116 S KNOLL AVE,BUNKIE,LA,71322,22,22009,Avoyelles Parish,32,30.952786,-92.190113,N,N,N,N,N,N,N,2205,22028,22028,2021-2022,22009030800,22009,39529,25755,10126,315,251,12,295,2775,38696,,268,581,131,39,17,167,684,5175
Beauregard Parish,-92.054809,30.987003,8811,538955,ST MARY'S ASSUMPTION SCHOOL,850 FRONT ST,COTTONPORT,LA,71327,22,22009,Avoyelles Parish,32,30.987003,-92.054809,N,N,N,N,N,N,N,2205,22028,22028,2021-2022,22011960500,22011,36553,29563,4267,60,247,13,470,1933,68525,,299,222,38,36,32,212,340,6225
Caddo Parish,-93.750551,32.49737,8814,538718,ST JOHN BERCHMANS CATHEDRAL SCHOOL,947 JORDAN ST,SHREVEPORT,LA,71101,22,22017,Caddo Parish,12,32.49737,-93.750551,43340,"Shreveport-Bossier City, LA",1,508,"Shreveport-Bossier City-Minden, LA",N,N,2204,22002,22039,2021-2022,22017021000,22017,236259,105210,116373,689,3012,152,2277,8546,47572,,662,866,215,252,33,486,1159,2032
Caddo Parish,-93.209001,30.23088,8829,542418,BISHOP NOLAND EPISCOPAL DAY SCHOOL,803 DIVISION ST,LAKE CHARLES,LA,70601,22,22019,Calcasieu Parish,13,30.23088,-93.209001,29340,"Lake Charles, LA",1,324,"Lake Charles-Jennings, LA",N,N,2203,22034,22027,2021-2022,22017024111,22017,236259,105210,116373,689,3012,152,2277,8546,47572,,662,866,215,252,33,486,1159,2032
Caddo Parish,-93.748865,32.483115,8817,540931,ST MARKS CATHEDRAL SCHOOL,2785 FAIRFIELD AVE,SHREVEPORT,LA,71104,22,22017,Caddo Parish,12,32.483115,-93.748865,43340,"Shreveport-Bossier City, LA",1,508,"Shreveport-Bossier City-Minden, LA",N,N,2204,22002,22037,2021-2022,22017022600,22017,236259,105210,116373,689,3012,152,2277,8546,47572,,662,866,215,252,33,486,1159,2032
Caddo Parish,-93.888261,32.48001,8826,A2101879,MCKINNEY BYRD ACADEMY INC.,6808 JEFFERSON PAIGE RD,SHREVEPORT,LA,71119,22,22017,Caddo Parish,12,32.48001,-93.888261,43340,"Shreveport-Bossier City, LA",1,508,"Shreveport-Bossier City-Minden, LA",N,N,2204,22004,22039,2021-2022,22017024201,22017,236259,105210,116373,689,3012,152,2277,8546,47572,,662,866,215,252,33,486,1159,2032
Caddo Parish,-93.714633,32.353688,8824,A1902126,ASCENSION CLASSICAL SCHOOL,10540 NORRIS FERRY ROAD,SHREVEPORT,LA,71106,22,22017,Caddo Parish,12,32.353688,-93.714633,43340,"Shreveport-Bossier City, LA",1,508,"Shreveport-Bossier City-Minden, LA",N,N,2204,22005,22038,2021-2022,22017022500,22017,236259,105210,116373,689,3012,152,2277,8546,47572,,662,866,215,252,33,486,1159,2032
Caddo Parish,-93.832029,32.469507,8823,A1592087,MCKINNEY BYRD ACADEMY,5024 GREENWOOD RD,SHREVEPORT,LA,71109,22,22017,Caddo Parish,12,32.469507,-93.832029,43340,"Shreveport-Bossier City, LA",1,508,"Shreveport-Bossier City-Minden, LA",N,N,2204,22004,22039,2021-2022,22017024001,22017,236259,105210,116373,689,3012,152,2277,8546,47572,,662,866,215,252,33,486,1159,2032
Caddo Parish,-93.720215,32.485595,8816,540501,THE MONTESSORI SCHOOL FOR SHREVEPORT,2605 C E GALLOWAY BLVD,SHREVEPORT,LA,71104,22,22017,Caddo Parish,12,32.485595,-93.720215,43340,"Shreveport-Bossier City, LA",1,508,"Shreveport-Bossier City-Minden, LA",N,N,2204,22002,22037,2021-2022,22017021000,22017,236259,105210,116373,689,3012,152,2277,8546,47572,,662,866,215,252,33,486,1159,2032
Caddo Parish,-93.761771,32.45919,8825,A1992046,DREAMKEEPERS ACADEMY,1526 OAKDALE ST,SHREVEPORT,LA,71108,22,22017,Caddo Parish,12,32.45919,-93.761771,43340,"Shreveport-Bossier City, LA",1,508,"Shreveport-Bossier City-Minden, LA",N,N,2204,22003,22039,2021-2022,22017024305,22017,236259,105210,116373,689,3012,152,2277,8546,47572,,662,866,215,252,33,486,1159,2032
Caddo Parish,-93.751841,32.45747,8818,541786,SOUTHFIELD SCHOOL,1100 SOUTHFIELD RD,SHREVEPORT,LA,71106,22,22017,Caddo Parish,12,32.45747,-93.751841,43340,"Shreveport-Bossier City, LA",1,508,"Shreveport-Bossier City-Minden, LA",N,N,2204,22006,22037,2021-2022,22017022600,22017,236259,105210,116373,689,3012,152,2277,8546,47572,,662,866,215,252,33,486,1159,2032
Caddo Parish,-93.749601,32.498,8815,538773,LOYOLA COLLEGE PREPARATORY HIGH SCHOOL,921 JORDAN ST,SHREVEPORT,LA,71101,22,22017,Caddo Parish,12,32.498,-93.749601,43340,"Shreveport-Bossier City, LA",1,508,"Shreveport-Bossier City-Minden, LA",N,N,2204,22002,22039,2021-2022,22017021400,22017,236259,105210,116373,689,3012,152,2277,8546,47572,,662,866,215,252,33,486,1159,2032
Caddo Parish,-93.761111,32.40376,8820,542123,CALVARY BAPTIST ACADEMY,9333 LINWOOD AVE,SHREVEPORT,LA,71106,22,22017,Caddo Parish,12,32.40376,-93.761111,43340,"Shreveport-Bossier City, LA",1,508,"Shreveport-Bossier City-Minden, LA",N,N,2204,22005,22038,2021-2022,22017022800,22017,236259,105210,116373,689,3012,152,2277,8546,47572,,662,866,215,252,33,486,1159,2032
Calcasieu Parish,-93.204431,30.20804,8832,1922942,ST MARGARET CATHOLIC SCHOOL,2510 ENTERPRISE BLVD,LAKE CHARLES,LA,70601,22,22019,Calcasieu Parish,13,30.20804,-93.204431,29340,"Lake Charles, LA",1,324,"Lake Charles-Jennings, LA",N,N,2203,22034,22027,2021-2022,22019002204,22019,210770,143271,51821,482,3113,60,2715,9308,64370,,944,920,228,256,70,817,1154,3249
Calcasieu Parish,-93.320631,30.22927,8834,A9102979,LITTLE LEARNERS MONTESSORI,73 CENTER CIR,SULPHUR,LA,70663,22,22019,Calcasieu Parish,22,30.22927,-93.320631,29340,"Lake Charles, LA",1,324,"Lake Charles-Jennings, LA",N,N,2203,22033,22027,2021-2022,22019000500,22019,210770,143271,51821,482,3113,60,2715,9308,64370,,944,920,228,256,70,817,1154,3249
Calcasieu Parish,-93.190501,30.30377,8833,A1301499,FIRST BAPTIST CHRISTIAN ACADEMY,282 OLD HWY 171,LAKE CHARLES,LA,70611,22,22019,Calcasieu Parish,22,30.30377,-93.190501,29340,"Lake Charles, LA",1,324,"Lake Charles-Jennings, LA",N,N,2203,22035,22027,2021-2022,22019003102,22019,210770,143271,51821,482,3113,60,2715,9308,64370,,944,920,228,256,70,817,1154,3249
Calcasieu Parish,-93.219561,30.21976,8830,1922851,IMMACULATE CONCEPTION CATHEDRAL SCHOOL,1536 RYAN ST,LAKE CHARLES,LA,70601,22,22019,Calcasieu Parish,13,30.21976,-93.219561,29340,"Lake Charles, LA",1,324,"Lake Charles-Jennings, LA",N,N,2203,22035,22027,2021-2022,22019000500,22019,210770,143271,51821,482,3113,60,2715,9308,64370,,944,920,228,256,70,817,1154,3249
Calcasieu Parish,-93.229141,30.18622,8831,1922884,OUR LADY QUEEN OF HEAVEN SCHOOL,3908 CREOLE ST,LAKE CHARLES,LA,70605,22,22019,Calcasieu Parish,13,30.18622,-93.229141,29340,"Lake Charles, LA",1,324,"Lake Charles-Jennings, LA",N,N,2203,22036,22027,2021-2022,22019000800,22019,210770,143271,51821,482,3113,60,2715,9308,64370,,944,920,228,256,70,817,1154,3249
Calcasieu Parish,-93.820171,32.391003,8828,AA001311,COLQUITT CHRISTIAN ACADEMY,3217 COLQUITT RD,SHREVEPORT,LA,71118,22,22017,Caddo Parish,12,32.391003,-93.820171,43340,"Shreveport-Bossier City, LA",1,508,"Shreveport-Bossier City-Minden, LA",N,N,2204,22005,22038,2021-2022,22019001000,22019,210770,143271,51821,482,3113,60,2715,9308,64370,,944,920,228,256,70,817,1154,3249
Caldwell Parish,-92.183392,32.014595,8836,A0901597,OLD BETHEL CHRISTIAN ACADEMY,1468 HWY 547,CLARKS,LA,71415,22,22021,Caldwell Parish,43,32.014595,-92.183392,N,N,N,N,N,N,N,2205,22020,22032,2021-2022,22021000300,22021,9658,7453,1957,0,7,0,57,184,45707,,84,125,20,10,20,79,106,7075
Catahoula Parish,-91.883861,31.68039,8837,BB161172,SANDY LAKE CHRISTIAN ACADEMY,1676 HWY 126,JONESVILLE,LA,71343,22,22025,Catahoula Parish,43,31.68039,-91.883861,N,N,N,N,N,N,N,2205,22020,22032,2021-2022,22025000300,22025,8895,5938,2813,10,7,0,38,89,48259,,57,105,20,11,20,38,76,6502
Claiborne Parish,-93.080545,32.863091,8838,542371,CLAIBORNE ACADEMY,6741 HWY 79,HAYNESVILLE,LA,71038,22,22027,Claiborne Parish,42,32.863091,-93.080545,N,N,N,N,N,N,N,2204,22011,22033,2021-2022,22027950201,22027,14203,6479,7051,2,19,0,169,483,32034,,46,182,6,29,22,88,187,1616
Claiborne Parish,-93.208451,30.21836,8835,A9501985,ST LOUIS CATHOLIC HIGH SCHOOL,1620 BANK ST,LAKE CHARLES,LA,70601,22,22019,Calcasieu Parish,13,30.21836,-93.208451,29340,"Lake Charles, LA",1,324,"Lake Charles-Jennings, LA",N,N,2203,22034,22027,2021-2022,22027950500,22027,14203,6479,7051,2,19,0,169,483,32034,,46,182,6,29,22,88,187,1616
East Baton Rouge Parish,-91.155581,30.44106,8878,Y0539347,CATHOLIC HIGH SCHOOL,855 HEARTHSTONE DR,BATON ROUGE,LA,70806,22,22033,East Baton Rouge Parish,12,30.44106,-91.155581,12940,"Baton Rouge, LA",1,N,N,N,N,2206,22061,22016,2021-2022,22033004514,22033,454369,203084,205448,691,14103,0,10273,20770,62083,,1069,2578,250,609,33,1282,2789,1760
East Baton Rouge Parish,-91.079244,30.443922,8862,A1501772,ST LILLIAN ACADEMY,9755 GOODWOOD BLVD,BATON ROUGE,LA,70815,22,22033,East Baton Rouge Parish,12,30.443922,-91.079244,12940,"Baton Rouge, LA",1,N,N,N,N,2206,22069,22016,2021-2022,22033004020,22033,454369,203084,205448,691,14103,0,10273,20770,62083,,1069,2578,250,609,33,1282,2789,1760
East Baton Rouge Parish,-91.009374,30.360568,8875,BB181225,CROSS POINT BAPTIST SCHOOL,14965 AIRLINE HWY,BATON ROUGE,LA,70817,22,22033,East Baton Rouge Parish,21,30.360568,-91.009374,12940,"Baton Rouge, LA",1,N,N,N,N,2206,22066,22006,2021-2022,22033004509,22033,454369,203084,205448,691,14103,0,10273,20770,62083,,1069,2578,250,609,33,1282,2789,1760
East Baton Rouge Parish,-91.112851,30.46559,8871,A9902083,BRIGHTER HORIZON SCHOOL,1896 WOODDALE BLVD,BATON ROUGE,LA,70806,22,22033,East Baton Rouge Parish,12,30.46559,-91.112851,12940,"Baton Rouge, LA",1,N,N,N,N,2202,22061,22015,2021-2022,22033005300,22033,454369,203084,205448,691,14103,0,10273,20770,62083,,1069,2578,250,609,33,1282,2789,1760
East Baton Rouge Parish,-91.045441,30.40544,8856,A0501746,THE BRIGHTON SCHOOL,12108 PARKMEADOW AVE,BATON ROUGE,LA,70816,22,22033,East Baton Rouge Parish,12,30.40544,-91.045441,12940,"Baton Rouge, LA",1,N,N,N,N,2206,22069,22016,2021-2022,22033004700,22033,454369,203084,205448,691,14103,0,10273,20770,62083,,1069,2578,250,609,33,1282,2789,1760
East Baton Rouge Parish,-91.124486,30.448002,8876,BB181275,OUR LADY-MERCY CATHOLIC SCHOOL,400 MARQUETTE AVE,BATON ROUGE,LA,70806,22,22033,East Baton Rouge Parish,12,30.448002,-91.124486,12940,"Baton Rouge, LA",1,N,N,N,N,2206,22061,22014,2021-2022,22033001600,22033,454369,203084,205448,691,14103,0,10273,20770,62083,,1069,2578,250,609,33,1282,2789,1760
East Baton Rouge Parish,-91.049341,30.39944,8854,A0301673,PARKVIEW BAPTIST SCHOOL,5750 PARKVIEW CHURCH RD,BATON ROUGE,LA,70816,22,22033,East Baton Rouge Parish,12,30.39944,-91.049341,12940,"Baton Rouge, LA",1,N,N,N,N,2206,22069,22016,2021-2022,22033004403,22033,454369,203084,205448,691,14103,0,10273,20770,62083,,1069,2578,250,609,33,1282,2789,1760
East Baton Rouge Parish,-91.125202,30.446875,8842,539336,OUR LADY OF MERCY ELEMENTARY SCHOOL,400 MARQUETTE AVE,BATON ROUGE,LA,70806,22,22033,East Baton Rouge Parish,12,30.446875,-91.125202,12940,"Baton Rouge, LA",1,N,N,N,N,2206,22061,22014,2021-2022,22033001800,22033,454369,203084,205448,691,14103,0,10273,20770,62083,,1069,2578,250,609,33,1282,2789,1760
East Baton Rouge Parish,-91.056671,30.3864,8873,AA000123,BETHANY CHRISTAIN SCHOOL,11107 HONORE LN,BATON ROUGE,LA,70809,22,22033,East Baton Rouge Parish,21,30.3864,-91.056671,12940,"Baton Rouge, LA",1,N,N,N,N,2206,22069,22016,2021-2022,22033004509,22033,454369,203084,205448,691,14103,0,10273,20770,62083,,1069,2578,250,609,33,1282,2789,1760
East Baton Rouge Parish,-91.158451,30.43756,8874,BB170193,ST JOSEPH'S ACADEMY,2950 KLEINERT AVE,BATON ROUGE,LA,70806,22,22033,East Baton Rouge Parish,12,30.43756,-91.158451,12940,"Baton Rouge, LA",1,N,N,N,N,2206,22061,22016,2021-2022,22033001800,22033,454369,203084,205448,691,14103,0,10273,20770,62083,,1069,2578,250,609,33,1282,2789,1760
East Baton Rouge Parish,-91.056671,30.3864,8863,A1701849,BETHANY CHRISTIAN SCHOOL SOUTH CAMPUS,11107 HONORE LN,BATON ROUGE,LA,70809,22,22033,East Baton Rouge Parish,21,30.3864,-91.056671,12940,"Baton Rouge, LA",1,N,N,N,N,2206,22069,22016,2021-2022,22033004022,22033,454369,203084,205448,691,14103,0,10273,20770,62083,,1069,2578,250,609,33,1282,2789,1760
East Baton Rouge Parish,-91.152309,30.497599,8868,A1902159,REDEMPTORIST ST. GERARD ELEMENTARY,3655 ST GERARD AVE,BATON ROUGE,LA,70805,22,22033,East Baton Rouge Parish,12,30.497599,-91.152309,12940,"Baton Rouge, LA",1,N,N,N,N,2202,22029,22014,2021-2022,22033000400,22033,454369,203084,205448,691,14103,0,10273,20770,62083,,1069,2578,250,609,33,1282,2789,1760
East Baton Rouge Parish,-91.137291,30.37618,8857,A0701057,ELAN VITAL MONTESSORI SCHOOL,7518 HIGHLAND RD,BATON ROUGE,LA,70808,22,22033,East Baton Rouge Parish,12,30.37618,-91.137291,12940,"Baton Rouge, LA",1,N,N,N,N,2206,22070,22016,2021-2022,22033004020,22033,454369,203084,205448,691,14103,0,10273,20770,62083,,1069,2578,250,609,33,1282,2789,1760
East Baton Rouge Parish,-91.136421,30.41228,8858,A0901589,LA PRINTANIERE MONTESSORI,5064 PERKINS RD,BATON ROUGE,LA,70808,22,22033,East Baton Rouge Parish,12,30.41228,-91.136421,12940,"Baton Rouge, LA",1,N,N,N,N,2206,22070,22016,2021-2022,22033004028,22033,454369,203084,205448,691,14103,0,10273,20770,62083,,1069,2578,250,609,33,1282,2789,1760
East Baton Rouge Parish,-91.060391,30.5663,8847,542098,CENTRAL PRIVATE SCHOOL,12801 CENTERRA CT,BAKER,LA,70714,22,22033,East Baton Rouge Parish,21,30.5663,-91.060391,12940,"Baton Rouge, LA",1,N,N,N,N,2206,22065,22006,2021-2022,22033003908,22033,454369,203084,205448,691,14103,0,10273,20770,62083,,1069,2578,250,609,33,1282,2789,1760
East Baton Rouge Parish,-91.088951,30.37482,8859,A0901592,MONTESSORI SCHOOL OF BATON ROUGE,8227 WIMBLEDON AVE,BATON ROUGE,LA,70810,22,22033,East Baton Rouge Parish,21,30.37482,-91.088951,12940,"Baton Rouge, LA",1,N,N,N,N,2206,22068,22016,2021-2022,22033003701,22033,454369,203084,205448,691,14103,0,10273,20770,62083,,1069,2578,250,609,33,1282,2789,1760
East Baton Rouge Parish,-91.154142,30.431457,8870,A2101884,ST JOHN PRIMARY & SAINT THERESA MIDDLE,1800 S ACADIAN THRUWAY,BATON ROUGE,LA,70808,22,22033,East Baton Rouge Parish,12,30.431457,-91.154142,12940,"Baton Rouge, LA",1,N,N,N,N,2206,22068,22016,2021-2022,22033001102,22033,454369,203084,205448,691,14103,0,10273,20770,62083,,1069,2578,250,609,33,1282,2789,1760
East Baton Rouge Parish,-91.121111,30.36625,8853,2120369,ST JUDE SCHOOL,9150 HIGHLAND RD,BATON ROUGE,LA,70810,22,22033,East Baton Rouge Parish,12,30.36625,-91.121111,12940,"Baton Rouge, LA",1,N,N,N,N,2206,22070,22014,2021-2022,22033003914,22033,454369,203084,205448,691,14103,0,10273,20770,62083,,1069,2578,250,609,33,1282,2789,1760
East Baton Rouge Parish,-91.156521,30.41666,8846,541924,TRINITY EPISCOPAL DAY SCHOOL,3550 MORNING GLORY AVE,BATON ROUGE,LA,70808,22,22033,East Baton Rouge Parish,12,30.41666,-91.156521,12940,"Baton Rouge, LA",1,N,N,N,N,2206,22068,22016,2021-2022,22033004301,22033,454369,203084,205448,691,14103,0,10273,20770,62083,,1069,2578,250,609,33,1282,2789,1760
East Baton Rouge Parish,-91.124486,30.448002,8864,A1701865,DIOCESE OF BATON ROUGE SPECIAL EDUCATION PROGRAM,400 MARQUETTE AVE,BATON ROUGE,LA,70806,22,22033,East Baton Rouge Parish,12,30.448002,-91.124486,12940,"Baton Rouge, LA",1,N,N,N,N,2206,22061,22014,2021-2022,22033001800,22033,454369,203084,205448,691,14103,0,10273,20770,62083,,1069,2578,250,609,33,1282,2789,1760
East Baton Rouge Parish,-91.126721,30.35468,8861,A1501750,GARDERE COMMUNITY CHRISTIAN SCHOOL,8538 GSRI AVE,BATON ROUGE,LA,70810,22,22033,East Baton Rouge Parish,21,30.35468,-91.126721,12940,"Baton Rouge, LA",1,N,N,N,N,2206,22070,22014,2021-2022,22033003914,22033,454369,203084,205448,691,14103,0,10273,20770,62083,,1069,2578,250,609,33,1282,2789,1760
East Baton Rouge Parish,-91.168281,30.44749,8872,A9902112,LOUISIANA NEW SCHOOL ACADEMY,1900 N BLVD,BATON ROUGE,LA,70806,22,22033,East Baton Rouge Parish,12,30.44749,-91.168281,12940,"Baton Rouge, LA",1,N,N,N,N,2202,22067,22014,2021-2022,22033004022,22033,454369,203084,205448,691,14103,0,10273,20770,62083,,1069,2578,250,609,33,1282,2789,1760
East Baton Rouge Parish,-91.138706,30.489448,8851,2029108,MARTIN LUTHER KING JR CHRISTIAN ACADEMY,4295 PRESCOTT CT,BATON ROUGE,LA,70805,22,22033,East Baton Rouge Parish,12,30.489448,-91.138706,12940,"Baton Rouge, LA",1,N,N,N,N,2202,22061,22014,2021-2022,22033004031,22033,454369,203084,205448,691,14103,0,10273,20770,62083,,1069,2578,250,609,33,1282,2789,1760
East Baton Rouge Parish,-91.02002,30.858849,8881,A2192764,SILMAN INSTITUTE,10830 BANK ST,CLINTON,LA,70722,22,22037,East Feliciana Parish,42,30.858849,-91.02002,12940,"Baton Rouge, LA",1,N,N,N,N,2205,22062,22017,2021-2022,22033002300,22033,454369,203084,205448,691,14103,0,10273,20770,62083,,1069,2578,250,609,33,1282,2789,1760
East Baton Rouge Parish,-93.019892,32.650514,8839,AA890400,MT OLIVE CHRISTIAN SCHOOL,15349 HWY 9,ATHENS,LA,71003,22,22027,Claiborne Parish,42,32.650514,-93.019892,N,N,N,N,N,N,N,2204,22011,22036,2021-2022,22033002200,22033,454369,203084,205448,691,14103,0,10273,20770,62083,,1069,2578,250,609,33,1282,2789,1760
East Baton Rouge Parish,-91.017261,30.3767,8852,2029119,GREATER BATON ROUGE HOPE ACADEMY,15333 JEFFERSON HWY,BATON ROUGE,LA,70817,22,22033,East Baton Rouge Parish,21,30.3767,-91.017261,12940,"Baton Rouge, LA",1,N,N,N,N,2206,22066,22006,2021-2022,22033004509,22033,454369,203084,205448,691,14103,0,10273,20770,62083,,1069,2578,250,609,33,1282,2789,1760
East Baton Rouge Parish,-91.014651,30.41295,8867,A1902154,JONES CREEK ADVENTIST ACADEMY,4363 JONES CREEK RD,BATON ROUGE,LA,70817,22,22033,East Baton Rouge Parish,21,30.41295,-91.014651,12940,"Baton Rouge, LA",1,N,N,N,N,2206,22066,22016,2021-2022,22033004020,22033,454369,203084,205448,691,14103,0,10273,20770,62083,,1069,2578,250,609,33,1282,2789,1760
East Baton Rouge Parish,-91.176741,30.4376,8840,539085,ST FRANCIS XAVIER CATHOLIC SCHOOL,1150 S 12TH ST,BATON ROUGE,LA,70802,22,22033,East Baton Rouge Parish,12,30.4376,-91.176741,12940,"Baton Rouge, LA",1,N,N,N,N,2202,22067,22014,2021-2022,22033003703,22033,454369,203084,205448,691,14103,0,10273,20770,62083,,1069,2578,250,609,33,1282,2789,1760
East Baton Rouge Parish,-91.085001,30.38257,8869,A1990420,THE DUNHAM SCHOOL,11111 ROY EMERSON DR,BATON ROUGE,LA,70810,22,22033,East Baton Rouge Parish,21,30.38257,-91.085001,12940,"Baton Rouge, LA",1,N,N,N,N,2206,22068,22016,2021-2022,22033002300,22033,454369,203084,205448,691,14103,0,10273,20770,62083,,1069,2578,250,609,33,1282,2789,1760
East Baton Rouge Parish,-91.039731,30.65965,8860,A1101147,ZACHARY CHRISTIAN ACADEMY,11950 MILLDALE RD,ZACHARY,LA,70791,22,22033,East Baton Rouge Parish,41,30.65965,-91.039731,12940,"Baton Rouge, LA",1,N,N,N,N,2206,22064,22017,2021-2022,22033002602,22033,454369,203084,205448,691,14103,0,10273,20770,62083,,1069,2578,250,609,33,1282,2789,1760
East Baton Rouge Parish,-91.149593,30.49716,8866,A1902141,CRISTO REY BATON ROUGE FRANCISCAN HIGH SCHOOL,4000 S GEARD AVE,BATON ROUGE,LA,70805,22,22033,East Baton Rouge Parish,12,30.49716,-91.149593,12940,"Baton Rouge, LA",1,N,N,N,N,2202,22029,22014,2021-2022,22033004507,22033,454369,203084,205448,691,14103,0,10273,20770,62083,,1069,2578,250,609,33,1282,2789,1760
East Feliciana Parish,-91.009374,30.360568,8877,BB181291,CROSSPOINT BAPTIST CHURCH,14965 AIRLINE HWY,BATON ROUGE,LA,70817,22,22033,East Baton Rouge Parish,21,30.360568,-91.009374,12940,"Baton Rouge, LA",1,N,N,N,N,2206,22066,22006,2021-2022,22037951600,22037,19452,10650,7796,152,58,0,12,784,64709,,69,215,142,22,22,21,205,7398
East Feliciana Parish,-90.989051,30.41029,8879,Y2120358,ST MICHAEL THE ARCHANGEL HIGH SCHOOL,17521 MONITOR AVE,BATON ROUGE,LA,70817,22,22033,East Baton Rouge Parish,21,30.41029,-90.989051,12940,"Baton Rouge, LA",1,N,N,N,N,2206,22066,22006,2021-2022,22037951600,22037,19452,10650,7796,152,58,0,12,784,64709,,69,215,142,22,22,21,205,7398
Evangeline Parish,-91.020021,30.85885,8880,540749,SILLIMAN INSTITUTE,10830 BANK ST,CLINTON,LA,70722,22,22037,East Feliciana Parish,42,30.85885,-91.020021,12940,"Baton Rouge, LA",1,N,N,N,N,2205,22062,22017,2021-2022,22039950600,22039,32335,21415,8193,98,85,20,894,1630,34526,,440,403,76,58,32,442,418,3582
Iberia Parish,-91.773791,29.96449,8888,2160197,ACADIANA CHRISTIAN SCHOOL,4219 E ADMIRAL DOYLE DR,NEW IBERIA,LA,70560,22,22045,Iberia Parish,21,29.96449,-91.773791,29180,"Lafayette, LA",1,318,"Lafayette-Opelousas-Morgan City, LA",N,N,2203,22049,22022,2021-2022,22045030700,22045,69958,41089,21827,119,1858,1,1121,3943,55190,,429,663,125,115,3,426,783,2319
Iberia Parish,-91.821701,30.00834,8887,2116851,EPIPHANY DAY SCHOOL,120 JEFFERSON ST,NEW IBERIA,LA,70560,22,22045,Iberia Parish,21,30.00834,-91.821701,29180,"Lafayette, LA",1,318,"Lafayette-Opelousas-Morgan City, LA",N,N,2203,22096,22022,2021-2022,22045031302,22045,69958,41089,21827,119,1858,1,1121,3943,55190,,429,663,125,115,3,426,783,2319
Iberia Parish,-91.706257,32.15631,8883,542338,FRANKLIN ACADEMY,2110 LOOP RD,WINNSBORO,LA,71295,22,22041,Franklin Parish,32,32.15631,-91.706257,N,N,N,N,N,N,N,2205,22020,22032,2021-2022,22045031200,22045,69958,41089,21827,119,1858,1,1121,3943,55190,,429,663,125,115,3,426,783,2319
Iberia Parish,-91.735066,32.228657,8884,A1140010,FAMILY COMMUNITY CHRISTIAN SCHOOL,2023 HWY 15,WINNSBORO,LA,71295,22,22041,Franklin Parish,42,32.228657,-91.735066,N,N,N,N,N,N,N,2205,22020,22032,2021-2022,22045031000,22045,69958,41089,21827,119,1858,1,1121,3943,55190,,429,663,125,115,3,426,783,2319
Iberville Parish,-91.800126,30.00929,8889,A9701658,HIGHLAND BAPTIST CHRISTIAN SCHOOL,708 ANGERS ST,NEW IBERIA,LA,70563,22,22045,Iberia Parish,21,30.00929,-91.800126,29180,"Lafayette, LA",1,318,"Lafayette-Opelousas-Morgan City, LA",N,N,2203,22048,22022,2021-2022,22047953101,22047,30210,14575,13717,22,11,29,305,1551,59410,,296,518,19,20,51,223,559,6240
Iberville Parish,-91.24122,30.275918,8890,A1101141,ST JOHN ELEMENTARY SCHOOL,58645 SAINT CLEMENT AVE,PLAQUEMINE,LA,70764,22,22047,Iberville Parish,21,30.275918,-91.24122,12940,"Baton Rouge, LA",1,N,N,N,N,2202,22060,22017,2021-2022,22047953101,22047,30210,14575,13717,22,11,29,305,1551,59410,,296,518,19,20,51,223,559,6240
Jefferson Davis Parish,-90.103781,29.89333,8928,Y0538208,ARCHBISHOP SHAW HIGH SCHOOL,1000 SALESIAN LN,MARRERO,LA,70072,22,22051,Jefferson Parish,21,29.89333,-90.103781,35380,"New Orleans-Metairie, LA",1,406,"New Orleans-Metairie-Hammond, LA-MS",N,N,2202,22084,22003,2021-2022,22053000500,22053,32277,25034,5404,107,2,0,265,1465,52470,,236,254,107,3,30,139,426,5233
Jefferson Parish,-90.098571,29.8962,8915,A0501719,CONQUERING WORD CHRISTIN ACADEMY WESTBANK,812 AVE F,MARRERO,LA,70072,22,22051,Jefferson Parish,21,29.8962,-90.098571,35380,"New Orleans-Metairie, LA",1,406,"New Orleans-Metairie-Hammond, LA-MS",N,N,2202,22084,22008,2021-2022,22051021200,22051,436171,245470,117131,1857,18127,100,20878,32608,63257,,2221,1343,541,671,49,2029,2458,1592
Jefferson Parish,-90.237861,29.99984,8916,A0501737,ISLAMIC SCHOOL OF GREATER NEW ORLEANS,2420 ILLINOIS AVE,KENNER,LA,70062,22,22051,Jefferson Parish,21,29.99984,-90.237861,35380,"New Orleans-Metairie, LA",1,406,"New Orleans-Metairie-Hammond, LA-MS",N,N,2201,22092,22010,2021-2022,22051027818,22051,436171,245470,117131,1857,18127,100,20878,32608,63257,,2221,1343,541,671,49,2029,2458,1592
Jefferson Parish,-90.199644,29.982608,8910,541356,KEHOE-FRANCE SCHOOL,720 ELISE AVE,METAIRIE,LA,70003,22,22051,Jefferson Parish,12,29.982608,-90.199644,35380,"New Orleans-Metairie, LA",1,406,"New Orleans-Metairie-Hammond, LA-MS",N,N,2201,22082,22010,2021-2022,22051029000,22051,436171,245470,117131,1857,18127,100,20878,32608,63257,,2221,1343,541,671,49,2029,2458,1592
Jefferson Parish,-90.13167,29.982992,8909,541232,METAIRIE PARK COUNTRY DAY SCHOOL,300 PARK RD,METAIRIE,LA,70005,22,22051,Jefferson Parish,12,29.982992,-90.13167,35380,"New Orleans-Metairie, LA",1,406,"New Orleans-Metairie-Hammond, LA-MS",N,N,2201,22082,22009,2021-2022,22051029100,22051,436171,245470,117131,1857,18127,100,20878,32608,63257,,2221,1343,541,671,49,2029,2458,1592
Jefferson Parish,-91.242221,30.27498,8891,A9902127,ST JOHN INTERPAROCHIAL SCHOOL,24250 REGINA ST,PLAQUEMINE,LA,70764,22,22047,Iberville Parish,21,30.27498,-91.242221,12940,"Baton Rouge, LA",1,N,N,N,N,2202,22060,22017,2021-2022,22051026600,22051,436171,245470,117131,1857,18127,100,20878,32608,63257,,2221,1343,541,671,49,2029,2458,1592
Jefferson Parish,-90.166041,30.01521,8925,A9701673,JEWISH COMMUNITY DAY SCHOOL,3747 W ESPLANADE AVE N,METAIRIE,LA,70002,22,22051,Jefferson Parish,12,30.01521,-90.166041,35380,"New Orleans-Metairie, LA",1,406,"New Orleans-Metairie-Hammond, LA-MS",N,N,2201,22094,22009,2021-2022,22051028900,22051,436171,245470,117131,1857,18127,100,20878,32608,63257,,2221,1343,541,671,49,2029,2458,1592
Jefferson Parish,-90.141987,29.907986,8921,A1701888,WEATHERFORD ACADEMY,613 4TH ST,WESTWEGO,LA,70094,22,22051,Jefferson Parish,21,29.907986,-90.141987,35380,"New Orleans-Metairie, LA",1,406,"New Orleans-Metairie-Hammond, LA-MS",N,N,2202,22083,22008,2021-2022,22051027813,22051,436171,245470,117131,1857,18127,100,20878,32608,63257,,2221,1343,541,671,49,2029,2458,1592
Jefferson Parish,-90.174591,30.01464,8896,538081,ST CLEMENT OF ROME SCHOOL,3978 W ESPLANADE AVE S,METAIRIE,LA,70002,22,22051,Jefferson Parish,12,30.01464,-90.174591,35380,"New Orleans-Metairie, LA",1,406,"New Orleans-Metairie-Hammond, LA-MS",N,N,2201,22094,22009,2021-2022,22051029200,22051,436171,245470,117131,1857,18127,100,20878,32608,63257,,2221,1343,541,671,49,2029,2458,1592
Jefferson Parish,-90.085071,29.87075,8917,A0501739,KNIGHTS ACADEMY & HIGH SCHOOL LLC,2059 BONN ST,HARVEY,LA,70058,22,22051,Jefferson Parish,21,29.87075,-90.085071,35380,"New Orleans-Metairie, LA",1,406,"New Orleans-Metairie-Hammond, LA-MS",N,N,2202,22084,22008,2021-2022,22051025103,22051,436171,245470,117131,1857,18127,100,20878,32608,63257,,2221,1343,541,671,49,2029,2458,1592
Jefferson Parish,-90.172231,30.00819,8907,540818,LUTHERAN HIGH SCHOOL OF GREATER NEW ORLEANS,3864 17TH ST,METAIRIE,LA,70002,22,22051,Jefferson Parish,12,30.00819,-90.172231,35380,"New Orleans-Metairie, LA",1,406,"New Orleans-Metairie-Hammond, LA-MS",N,N,2201,22094,22009,2021-2022,22051024001,22051,436171,245470,117131,1857,18127,100,20878,32608,63257,,2221,1343,541,671,49,2029,2458,1592
Jefferson Parish,-90.029951,29.86754,8923,A9102946,ARDEN CAHILL ACADEMY,3101 WALL BLVD,GRETNA,LA,70056,22,22051,Jefferson Parish,21,29.86754,-90.029951,35380,"New Orleans-Metairie, LA",1,406,"New Orleans-Metairie-Hammond, LA-MS",N,N,2202,22105,22008,2021-2022,22051025202,22051,436171,245470,117131,1857,18127,100,20878,32608,63257,,2221,1343,541,671,49,2029,2458,1592
Jefferson Parish,-90.124031,30.0174,8894,538037,ST LOUIS KING OF FRANCE SCHOOL,1600 LAKE AVE,METAIRIE,LA,70005,22,22051,Jefferson Parish,12,30.0174,-90.124031,35380,"New Orleans-Metairie, LA",1,406,"New Orleans-Metairie-Hammond, LA-MS",N,N,2201,22094,22009,2021-2022,22051023004,22051,436171,245470,117131,1857,18127,100,20878,32608,63257,,2221,1343,541,671,49,2029,2458,1592
Jefferson Parish,-90.159301,29.99001,8927,X0538172,ARCHBISHOP RUMMEL HIGH SCHOOL,1901 SEVERN AVE,METAIRIE,LA,70001,22,22051,Jefferson Parish,12,29.99001,-90.159301,35380,"New Orleans-Metairie, LA",1,406,"New Orleans-Metairie-Hammond, LA-MS",N,N,2201,22080,22009,2021-2022,22051026700,22051,436171,245470,117131,1857,18127,100,20878,32608,63257,,2221,1343,541,671,49,2029,2458,1592
Jefferson Parish,-90.222571,30.00354,8899,538183,ARCHBISHOP CHAPELLE HIGH SCHOOL,8800 VETERANS MEMORIAL BLVD,METAIRIE,LA,70003,22,22051,Jefferson Parish,12,30.00354,-90.222571,35380,"New Orleans-Metairie, LA",1,406,"New Orleans-Metairie-Hammond, LA-MS",N,N,2201,22078,22010,2021-2022,22051027703,22051,436171,245470,117131,1857,18127,100,20878,32608,63257,,2221,1343,541,671,49,2029,2458,1592
Jefferson Parish,-90.187141,29.98353,8895,538059,ST EDWARD THE CONFESSOR SCHOOL,4901 W METAIRIE AVE,METAIRIE,LA,70001,22,22051,Jefferson Parish,12,29.98353,-90.187141,35380,"New Orleans-Metairie, LA",1,406,"New Orleans-Metairie-Hammond, LA-MS",N,N,2201,22080,22009,2021-2022,22051020206,22051,436171,245470,117131,1857,18127,100,20878,32608,63257,,2221,1343,541,671,49,2029,2458,1592
Jefferson Parish,-90.045081,29.884474,8905,538547,ST CLETUS ELEMENTARY SCHOOL,3610 CLAIRE AVE,GRETNA,LA,70053,22,22051,Jefferson Parish,21,29.884474,-90.045081,35380,"New Orleans-Metairie, LA",1,406,"New Orleans-Metairie-Hammond, LA-MS",N,N,2202,22085,22007,2021-2022,22051021500,22051,436171,245470,117131,1857,18127,100,20878,32608,63257,,2221,1343,541,671,49,2029,2458,1592
Jefferson Parish,-90.194421,30.00904,8898,538128,ST ANN CATHOLIC ELEMENTARY SCHOOL,4921 MEADOWDALE ST,METAIRIE,LA,70006,22,22051,Jefferson Parish,12,30.00904,-90.194421,35380,"New Orleans-Metairie, LA",1,406,"New Orleans-Metairie-Hammond, LA-MS",N,N,2201,22080,22009,2021-2022,22051021300,22051,436171,245470,117131,1857,18127,100,20878,32608,63257,,2221,1343,541,671,49,2029,2458,1592
Jefferson Parish,-90.205121,30.00722,8913,2029185,MEMORIAL BAPTIST SCHOOL,5701 VETERANS MEMORIAL BLVD,METAIRIE,LA,70003,22,22051,Jefferson Parish,12,30.00722,-90.205121,35380,"New Orleans-Metairie, LA",1,406,"New Orleans-Metairie-Hammond, LA-MS",N,N,2201,22078,22010,2021-2022,22051023300,22051,436171,245470,117131,1857,18127,100,20878,32608,63257,,2221,1343,541,671,49,2029,2458,1592
Jefferson Parish,-90.203101,30.01706,8920,A1101145,SLATER TORAH ACADEMY,5210 W ESPLANADE AVE,METAIRIE,LA,70006,22,22051,Jefferson Parish,12,30.01706,-90.203101,35380,"New Orleans-Metairie, LA",1,406,"New Orleans-Metairie-Hammond, LA-MS",N,N,2201,22079,22009,2021-2022,22051027200,22051,436171,245470,117131,1857,18127,100,20878,32608,63257,,2221,1343,541,671,49,2029,2458,1592
Jefferson Parish,-90.030461,29.90536,8924,A9501990,STEPPING STONES MONTESSORI,552 TERRY PKWY,TERRYTOWN,LA,70056,22,22051,Jefferson Parish,21,29.90536,-90.030461,35380,"New Orleans-Metairie, LA",1,406,"New Orleans-Metairie-Hammond, LA-MS",N,N,2202,22085,22008,2021-2022,22051020204,22051,436171,245470,117131,1857,18127,100,20878,32608,63257,,2221,1343,541,671,49,2029,2458,1592
Jefferson Parish,-90.173141,29.97621,8911,541662,RIDGEWOOD PREPARATORY SCHOOL,201 PASADENA AVE,METAIRIE,LA,70001,22,22051,Jefferson Parish,12,29.97621,-90.173141,35380,"New Orleans-Metairie, LA",1,406,"New Orleans-Metairie-Hammond, LA-MS",N,N,2201,22080,22009,2021-2022,22051027000,22051,436171,245470,117131,1857,18127,100,20878,32608,63257,,2221,1343,541,671,49,2029,2458,1592
Jefferson Parish,-90.217491,30.00871,8906,540691,ATONEMENT LUTHERAN SCHOOL,6500 RIVERSIDE DR,METAIRIE,LA,70003,22,22051,Jefferson Parish,12,30.00871,-90.217491,35380,"New Orleans-Metairie, LA",1,406,"New Orleans-Metairie-Hammond, LA-MS",N,N,2201,22078,22010,2021-2022,22051020206,22051,436171,245470,117131,1857,18127,100,20878,32608,63257,,2221,1343,541,671,49,2029,2458,1592
Jefferson Parish,-90.029551,29.87872,8918,A0701067,MUSLIM ACADEMY,440 REALTY DR,GRETNA,LA,70056,22,22051,Jefferson Parish,21,29.87872,-90.029551,35380,"New Orleans-Metairie, LA",1,406,"New Orleans-Metairie-Hammond, LA-MS",N,N,2202,22105,22008,2021-2022,22051020304,22051,436171,245470,117131,1857,18127,100,20878,32608,63257,,2221,1343,541,671,49,2029,2458,1592
Jefferson Parish,-90.204601,30.0206,8919,A1101130,GREATER NEW ORLEANS CHRISTIAN ACADEMY,5220 IRVING ST,METAIRIE,LA,70006,22,22051,Jefferson Parish,12,30.0206,-90.204601,35380,"New Orleans-Metairie, LA",1,406,"New Orleans-Metairie-Hammond, LA-MS",N,N,2201,22079,22009,2021-2022,22051030200,22051,436171,245470,117131,1857,18127,100,20878,32608,63257,,2221,1343,541,671,49,2029,2458,1592
Jefferson Parish,-90.084871,29.90328,8904,538478,ST ROSALIE ELEMENTARY SCHOOL,617 2ND AVE,HARVEY,LA,70058,22,22051,Jefferson Parish,21,29.90328,-90.084871,35380,"New Orleans-Metairie, LA",1,406,"New Orleans-Metairie-Hammond, LA-MS",N,N,2202,22084,22008,2021-2022,22051025400,22051,436171,245470,117131,1857,18127,100,20878,32608,63257,,2221,1343,541,671,49,2029,2458,1592
Jefferson Parish,-90.109751,29.85343,8900,538194,VISITATION OF OUR LADY SCHOOL,3520 AMES BLVD,MARRERO,LA,70072,22,22051,Jefferson Parish,21,29.85343,-90.109751,35380,"New Orleans-Metairie, LA",1,406,"New Orleans-Metairie-Hammond, LA-MS",N,N,2202,22083,22008,2021-2022,22051024002,22051,436171,245470,117131,1857,18127,100,20878,32608,63257,,2221,1343,541,671,49,2029,2458,1592
Lafayette Parish,-91.965921,30.14924,8930,539722,ST CECILIA SCHOOL,302 W MAIN ST,BROUSSARD,LA,70518,22,22055,Lafayette Parish,21,30.14924,-91.965921,29180,"Lafayette, LA",1,318,"Lafayette-Opelousas-Morgan City, LA",N,N,2203,22043,22023,2021-2022,22055000800,22055,243175,160322,62497,283,4485,118,2900,12570,66617,,889,945,99,313,146,779,1276,2192
Lafayette Parish,-92.6498,30.23448,8929,1922964,OUR LADY IMMACULATE SCHOOL,600 ROBERTS AVE,JENNINGS,LA,70546,22,22053,Jefferson Davis Parish,32,30.23448,-92.6498,27660,"Jennings, LA",2,324,"Lake Charles-Jennings, LA",N,N,2203,22037,22025,2021-2022,22055002101,22055,243175,160322,62497,283,4485,118,2900,12570,66617,,889,945,99,313,146,779,1276,2192
Lafayette Parish,-92.023521,30.22409,8932,539868,CATHEDRAL-CARMEL SCHOOL,848 SAINT JOHN ST,LAFAYETTE,LA,70501,22,22055,Lafayette Parish,12,30.22409,-92.023521,29180,"Lafayette, LA",1,318,"Lafayette-Opelousas-Morgan City, LA",N,N,2203,22044,22023,2021-2022,22055000100,22055,243175,160322,62497,283,4485,118,2900,12570,66617,,889,945,99,313,146,779,1276,2192
Lafayette Parish,-92.051161,30.31845,8931,539733,CARENCRO CATHOLIC SCHOOL,200 W SAINT PETER ST,CARENCRO,LA,70520,22,22055,Lafayette Parish,21,30.31845,-92.051161,29180,"Lafayette, LA",1,318,"Lafayette-Opelousas-Morgan City, LA",N,N,2203,22039,22024,2021-2022,22055001425,22055,243175,160322,62497,283,4485,118,2900,12570,66617,,889,945,99,313,146,779,1276,2192
Lafayette Parish,-91.989841,30.24034,8935,539981,TEURLINGS CATHOLIC HIGH SCHOOL,139 TEURLINGS DR,LAFAYETTE,LA,70501,22,22055,Lafayette Parish,12,30.24034,-91.989841,29180,"Lafayette, LA",1,318,"Lafayette-Opelousas-Morgan City, LA",N,N,2203,22096,22024,2021-2022,22055001428,22055,243175,160322,62497,283,4485,118,2900,12570,66617,,889,945,99,313,146,779,1276,2192
Lafayette Parish,-92.012209,30.257104,8934,539959,STS LEO-SETON CATHOLIC SCHOOL,502 SAINT LEO ST,LAFAYETTE,LA,70501,22,22055,Lafayette Parish,12,30.257104,-92.012209,29180,"Lafayette, LA",1,318,"Lafayette-Opelousas-Morgan City, LA",N,N,2203,22044,22024,2021-2022,22055001201,22055,243175,160322,62497,283,4485,118,2900,12570,66617,,889,945,99,313,146,779,1276,2192
Lafayette Parish,-92.03165,30.255752,8941,A1701875,LAFAYETTE CHRISTIAN ACADEMY,220 PORTLAND AVE,LAFAYETTE,LA,70507,22,22055,Lafayette Parish,12,30.255752,-92.03165,29180,"Lafayette, LA",1,318,"Lafayette-Opelousas-Morgan City, LA",N,N,2203,22044,22024,2021-2022,22055001908,22055,243175,160322,62497,283,4485,118,2900,12570,66617,,889,945,99,313,146,779,1276,2192
Lafayette Parish,-92.017088,30.102962,8936,1650193,ASCENSION EPISCOPAL SCHOOL,1800 CHEMIN METAIRIE PKWY,YOUNGSVILLE,LA,70592,22,22055,Lafayette Parish,21,30.102962,-92.017088,29180,"Lafayette, LA",1,318,"Lafayette-Opelousas-Morgan City, LA",N,N,2203,22043,22023,2021-2022,22055001403,22055,243175,160322,62497,283,4485,118,2900,12570,66617,,889,945,99,313,146,779,1276,2192
Lafayette Parish,-92.090151,30.23099,8940,A1101143,STS PETER & PAUL CATHOLIC ELEMENTARY SCHOOL,1301 OLD SPANISH TRL,SCOTT,LA,70583,22,22055,Lafayette Parish,21,30.23099,-92.090151,29180,"Lafayette, LA",1,318,"Lafayette-Opelousas-Morgan City, LA",N,N,2203,22039,22026,2021-2022,22055001001,22055,243175,160322,62497,283,4485,118,2900,12570,66617,,889,945,99,313,146,779,1276,2192
Lafayette Parish,-92.003971,30.22001,8938,1923163,GETHSEMANE CHRISTIAN ACADEMY,701 E PINHOOK RD,LAFAYETTE,LA,70501,22,22055,Lafayette Parish,12,30.22001,-92.003971,29180,"Lafayette, LA",1,318,"Lafayette-Opelousas-Morgan City, LA",N,N,2203,22044,22024,2021-2022,22055001408,22055,243175,160322,62497,283,4485,118,2900,12570,66617,,889,945,99,313,146,779,1276,2192
Lafayette Parish,-92.004226,30.198494,8939,1923254,EPISCOPAL SCHOOL OF ACADIANA,721 KALISTE SALOOM RD,LAFAYETTE,LA,70508,22,22055,Lafayette Parish,12,30.198494,-92.004226,29180,"Lafayette, LA",1,318,"Lafayette-Opelousas-Morgan City, LA",N,N,2203,22043,22023,2021-2022,22055001415,22055,243175,160322,62497,283,4485,118,2900,12570,66617,,889,945,99,313,146,779,1276,2192
Lafayette Parish,-92.067277,30.134324,8942,A1902191,WESTMINSTER CHRISTIAN ACADEMY LAFAYETTE CAMPUS,111 GOSHEN LN,LAFAYETTE,LA,70508,22,22055,Lafayette Parish,12,30.134324,-92.067277,29180,"Lafayette, LA",1,318,"Lafayette-Opelousas-Morgan City, LA",N,N,2203,22031,22023,2021-2022,22055001802,22055,243175,160322,62497,283,4485,118,2900,12570,66617,,889,945,99,313,146,779,1276,2192
Lafayette Parish,-92.055627,30.200796,8943,A2101883,REACH INSTITUTE,100 FELICIE DR,LAFAYETTE,LA,70506,22,22055,Lafayette Parish,12,30.200796,-92.055627,29180,"Lafayette, LA",1,318,"Lafayette-Opelousas-Morgan City, LA",N,N,2203,22045,22023,2021-2022,22055000200,22055,243175,160322,62497,283,4485,118,2900,12570,66617,,889,945,99,313,146,779,1276,2192
Lafayette Parish,-92.040881,30.14575,8937,1922793,ST THOMAS MORE CATHOLIC HIGH SCHOOL,450 E FARREL RD,LAFAYETTE,LA,70508,22,22055,Lafayette Parish,12,30.14575,-92.040881,29180,"Lafayette, LA",1,318,"Lafayette-Opelousas-Morgan City, LA",N,N,2203,22043,22023,2021-2022,22055000200,22055,243175,160322,62497,283,4485,118,2900,12570,66617,,889,945,99,313,146,779,1276,2192
Lafourche Parish,-90.802886,29.776776,8949,A1902145,ELEARNING ACADEMY,806 N ACADIA RD,THIBODAUX,LA,70301,22,22057,Lafourche Parish,13,29.776776,-90.802886,26380,"Houma-Thibodaux, LA",1,N,N,N,N,2206,22055,22020,2021-2022,22057021902,22057,97220,75654,12950,2046,604,2,1067,4897,61381,,445,658,366,163,4,371,712,4953
Lafourche Parish,-90.627541,29.73235,8948,540454,ST MARY'S NATIVITY SCHOOL,3492 NIES ST,RACELAND,LA,70394,22,22057,Lafourche Parish,41,29.73235,-90.627541,26380,"Houma-Thibodaux, LA",1,N,N,N,N,2201,22054,22019,2021-2022,22057020202,22057,97220,75654,12950,2046,604,2,1067,4897,61381,,445,658,366,163,4,371,712,4953
LaSalle Parish,-90.811261,29.79219,8950,X0540476,E.D. WHITE CATHOLIC HIGH SCHOOL,555 CARDINAL DR,THIBODAUX,LA,70301,22,22057,Lafourche Parish,13,29.79219,-90.811261,26380,"Houma-Thibodaux, LA",1,N,N,N,N,2206,22055,22021,2021-2022,22059970200,22059,14764,12166,1732,58,278,82,78,370,59926,,138,268,59,225,61,91,156,9117
Lincoln Parish,-92.619305,32.555142,8952,540636,CEDAR CREEK SCHOOL,2400 CEDAR CREEK DR,RUSTON,LA,71270,22,22061,Lincoln Parish,32,32.555142,-92.619305,40820,"Ruston, LA",2,384,"Monroe-Ruston, LA",N,N,2205,22012,22035,2021-2022,22061960800,22061,48323,26152,18095,263,670,32,625,2486,37001,,374,581,206,76,46,383,605,3309
Livingston Parish,-92.646351,32.54109,8954,K9302553,MONTESSORI SCHOOL OF RUSTON,700 WOODWARD AVE,RUSTON,LA,71270,22,22061,Lincoln Parish,32,32.54109,-92.646351,40820,"Ruston, LA",2,384,"Monroe-Ruston, LA",N,N,2205,22012,22035,2021-2022,22063040805,22063,143425,123496,10684,449,1185,1,2167,5443,77978,,828,595,415,183,2,725,1092,4335
Livingston Parish,-90.926656,30.459484,8955,A1101140,OPEN DOOR CHRISTIAN ACADEMY,7000 GLORYLAND WAY,DENHAM SPRINGS,LA,70726,22,22063,Livingston Parish,21,30.459484,-90.926656,12940,"Baton Rouge, LA",1,N,N,N,N,2206,22071,22013,2021-2022,22063040503,22063,143425,123496,10684,449,1185,1,2167,5443,77978,,828,595,415,183,2,725,1092,4335
Madison Parish,-91.878551,32.779935,8958,541607,PRAIRIE VIEW ACADEMY,9942 EDWIN ST,BASTROP,LA,71220,22,22067,Morehouse Parish,41,32.779935,-91.878551,33740,"Monroe, LA",1,384,"Monroe-Ruston, LA",N,N,2205,22016,22033,2021-2022,22065960100,22065,10028,3439,6265,17,0,0,59,248,34508,,54,55,16,22,22,72,105,6612
Natchitoches Parish,-91.179975,32.398182,8957,2160233,TALLULAH ACADEMY,700 WOOD ST,TALLULAH,LA,71282,22,22065,Madison Parish,33,32.398182,-91.179975,N,N,N,N,N,N,N,2205,22019,22034,2021-2022,22069000500,22069,37478,19170,15269,281,238,0,1042,1478,41310,,315,260,74,84,30,294,339,2062
Orleans Parish,-90.101201,29.92105,8971,540603,ST GEORGES EPISCOPAL SCHOOL,923 NAPOLEON AVE,NEW ORLEANS,LA,70115,22,22071,Orleans Parish,11,29.92105,-90.101201,35380,"New Orleans-Metairie, LA",1,406,"New Orleans-Metairie-Hammond, LA-MS",N,N,2202,22091,22005,2021-2022,22071001755,22071,380408,123390,216866,818,10680,61,8407,20186,51116,,880,1373,226,275,38,1192,1424,1705
Orleans Parish,-90.099721,29.92025,8979,A0501722,ECOLE BILINGUE DE LA NOUVELLE ORLEANS,821 GENERAL PERSHING ST,NEW ORLEANS,LA,70115,22,22071,Orleans Parish,11,29.92025,-90.099721,35380,"New Orleans-Metairie, LA",1,406,"New Orleans-Metairie-Hammond, LA-MS",N,N,2202,22098,22005,2021-2022,22071000901,22071,380408,123390,216866,818,10680,61,8407,20186,51116,,880,1373,226,275,38,1192,1424,1705
Orleans Parish,-90.081681,29.93199,8973,541094,LOUISE S MCGEHEE SCHOOL,2343 PRYTANIA ST,NEW ORLEANS,LA,70130,22,22071,Orleans Parish,11,29.93199,-90.081681,35380,"New Orleans-Metairie, LA",1,406,"New Orleans-Metairie-Hammond, LA-MS",N,N,2202,22093,22005,2021-2022,22071001740,22071,380408,123390,216866,818,10680,61,8407,20186,51116,,880,1373,226,275,38,1192,1424,1705
Orleans Parish,-90.068311,29.93297,8969,538514,ST MICHAEL SPECIAL SCHOOL,1522 CHIPPEWA ST,NEW ORLEANS,LA,70130,22,22071,Orleans Parish,11,29.93297,-90.068311,35380,"New Orleans-Metairie, LA",1,406,"New Orleans-Metairie-Hammond, LA-MS",N,N,2202,22091,22005,2021-2022,22071008200,22071,380408,123390,216866,818,10680,61,8407,20186,51116,,880,1373,226,275,38,1192,1424,1705
Orleans Parish,-90.13385,29.947703,8996,A9701687,ST JOAN OF ARC ROMAN CATHOLIC SCHOOL,919 CAMBRONNE ST,NEW ORLEANS,LA,70118,22,22071,Orleans Parish,11,29.947703,-90.13385,35380,"New Orleans-Metairie, LA",1,406,"New Orleans-Metairie-Hammond, LA-MS",N,N,2201,22098,22009,2021-2022,22071000619,22071,380408,123390,216866,818,10680,61,8407,20186,51116,,880,1373,226,275,38,1192,1424,1705
Orleans Parish,-89.951252,30.05538,8974,1650273,BISHOP MCMANUS ACADEMY,13123 I 10 SERVICE RD,NEW ORLEANS,LA,70128,22,22071,Orleans Parish,11,30.05538,-89.951252,35380,"New Orleans-Metairie, LA",1,406,"New Orleans-Metairie-Hammond, LA-MS",N,N,2202,22100,22003,2021-2022,22071005000,22071,380408,123390,216866,818,10680,61,8407,20186,51116,,880,1373,226,275,38,1192,1424,1705
Orleans Parish,-93.081559,31.725248,8960,A9501981,OASIS OF LOVE CHRISTIAN ACADEMY,7681 HWY 1 BYP,NATCHITOCHES,LA,71457,22,22069,Natchitoches Parish,33,31.725248,-93.081559,35060,"Natchitoches, LA",2,N,N,N,N,2204,22023,22029,2021-2022,22071980000,22071,380408,123390,216866,818,10680,61,8407,20186,51116,,880,1373,226,275,38,1192,1424,1705
Orleans Parish,-89.978011,30.05144,8978,A0501711,AUNTIE B PRESCHOOL & KINDERGARTEN,8001 LAFOURCHE ST,NEW ORLEANS,LA,70127,22,22071,Orleans Parish,11,30.05144,-89.978011,35380,"New Orleans-Metairie, LA",1,406,"New Orleans-Metairie-Hammond, LA-MS",N,N,2202,22100,22004,2021-2022,22071009700,22071,380408,123390,216866,818,10680,61,8407,20186,51116,,880,1373,226,275,38,1192,1424,1705
Orleans Parish,-90.113694,29.941117,8968,537907,URSULINE ACADEMY HIGH SCHOOL,2635 STATE ST,NEW ORLEANS,LA,70118,22,22071,Orleans Parish,11,29.941117,-90.113694,35380,"New Orleans-Metairie, LA",1,406,"New Orleans-Metairie-Hammond, LA-MS",N,N,2202,22098,22005,2021-2022,22071007700,22071,380408,123390,216866,818,10680,61,8407,20186,51116,,880,1373,226,275,38,1192,1424,1705
Orleans Parish,-90.069311,29.98226,8976,A0103840,LIFE OF CHRIST CHRISTIAN ACADEMY,1851 N DORGENOIS ST,NEW ORLEANS,LA,70119,22,22071,Orleans Parish,11,29.98226,-90.069311,35380,"New Orleans-Metairie, LA",1,406,"New Orleans-Metairie-Hammond, LA-MS",N,N,2202,22093,22005,2021-2022,22071002800,22071,380408,123390,216866,818,10680,61,8407,20186,51116,,880,1373,226,275,38,1192,1424,1705
Orleans Parish,-90.067966,29.983689,8995,A1990416,ST AUGUSTINE HIGH SCHOOL,2600 A P TUREAUD AVE,NEW ORLEANS,LA,70119,22,22071,Orleans Parish,11,29.983689,-90.067966,35380,"New Orleans-Metairie, LA",1,406,"New Orleans-Metairie-Hammond, LA-MS",N,N,2202,22093,22005,2021-2022,22071001755,22071,380408,123390,216866,818,10680,61,8407,20186,51116,,880,1373,226,275,38,1192,1424,1705
Orleans Parish,-90.091111,29.98812,8961,537317,CHRISTIAN BROTHERS SCHOOL,8 FRIEDERICHS AVE,NEW ORLEANS,LA,70124,22,22071,Orleans Parish,11,29.98812,-90.091111,35380,"New Orleans-Metairie, LA",1,406,"New Orleans-Metairie-Hammond, LA-MS",N,N,2201,22094,22004,2021-2022,22071012102,22071,380408,123390,216866,818,10680,61,8407,20186,51116,,880,1373,226,275,38,1192,1424,1705
Orleans Parish,-90.071471,29.93869,8981,A0501757,THE CHARTWELL CENTER,1225 MAGAZINE ST,NEW ORLEANS,LA,70130,22,22071,Orleans Parish,11,29.93869,-90.071471,35380,"New Orleans-Metairie, LA",1,406,"New Orleans-Metairie-Hammond, LA-MS",N,N,2202,22093,22005,2021-2022,22071010900,22071,380408,123390,216866,818,10680,61,8407,20186,51116,,880,1373,226,275,38,1192,1424,1705
Orleans Parish,-90.107571,30.00419,8998,AA890404,ST PAUL'S EPISCOPAL SCHOOL,6249 CANAL BLVD,NEW ORLEANS,LA,70124,22,22071,Orleans Parish,11,30.00419,-90.107571,35380,"New Orleans-Metairie, LA",1,406,"New Orleans-Metairie-Hammond, LA-MS",N,N,2201,22094,22004,2021-2022,22071003301,22071,380408,123390,216866,818,10680,61,8407,20186,51116,,880,1373,226,275,38,1192,1424,1705
Orleans Parish,-90.110551,29.91986,8990,A1501766,ST KATHARINE DREXEL PREPARATORY SCHOOL,5116 MAGAZINE ST,NEW ORLEANS,LA,70115,22,22071,Orleans Parish,11,29.91986,-90.110551,35380,"New Orleans-Metairie, LA",1,406,"New Orleans-Metairie-Hammond, LA-MS",N,N,2202,22098,22005,2021-2022,22071010600,22071,380408,123390,216866,818,10680,61,8407,20186,51116,,880,1373,226,275,38,1192,1424,1705
Orleans Parish,-89.998821,30.04157,8972,541083,LAKE CASTLE PRIVATE SCHOOL,8400 HAYNE BLVD,NEW ORLEANS,LA,70127,22,22071,Orleans Parish,11,30.04157,-89.998821,35380,"New Orleans-Metairie, LA",1,406,"New Orleans-Metairie-Hammond, LA-MS",N,N,2202,22100,22004,2021-2022,22071008300,22071,380408,123390,216866,818,10680,61,8407,20186,51116,,880,1373,226,275,38,1192,1424,1705
Orleans Parish,-90.110571,30.0186,8963,537485,MOUNT CARMEL ACADEMY,7027 MILNE BLVD,NEW ORLEANS,LA,70124,22,22071,Orleans Parish,11,30.0186,-90.110571,35380,"New Orleans-Metairie, LA",1,406,"New Orleans-Metairie-Hammond, LA-MS",N,N,2201,22094,22004,2021-2022,22071001723,22071,380408,123390,216866,818,10680,61,8407,20186,51116,,880,1373,226,275,38,1192,1424,1705
Orleans Parish,-90.010601,29.96027,8980,A0501741,LIGHT CITY CHRISTIAN ACADEMY,6117 SAINT CLAUDE AVE,NEW ORLEANS,LA,70117,22,22071,Orleans Parish,11,29.96027,-90.010601,35380,"New Orleans-Metairie, LA",1,406,"New Orleans-Metairie-Hammond, LA-MS",N,N,2202,22099,22003,2021-2022,22071013900,22071,380408,123390,216866,818,10680,61,8407,20186,51116,,880,1373,226,275,38,1192,1424,1705
Orleans Parish,-90.093431,29.94371,8988,A1501760,MCMILLIAN'S FIRST STEPS CDC / ACADEMY,2601 S CLAIBORNE AVE,NEW ORLEANS,LA,70125,22,22071,Orleans Parish,11,29.94371,-90.093431,35380,"New Orleans-Metairie, LA",1,406,"New Orleans-Metairie-Hammond, LA-MS",N,N,2202,22091,22005,2021-2022,22071014102,22071,380408,123390,216866,818,10680,61,8407,20186,51116,,880,1373,226,275,38,1192,1424,1705
Orleans Parish,-90.074651,29.92353,8989,A1501764,RAPHAEL ACADEMY,500 SORAPARU ST,NEW ORLEANS,LA,70130,22,22071,Orleans Parish,11,29.92353,-90.074651,35380,"New Orleans-Metairie, LA",1,406,"New Orleans-Metairie-Hammond, LA-MS",N,N,2202,22091,22005,2021-2022,22071010800,22071,380408,123390,216866,818,10680,61,8407,20186,51116,,880,1373,226,275,38,1192,1424,1705
Orleans Parish,-90.036891,30.01289,8985,A0901606,ST BENEDICT THE MOOR SCHOOL,5010 PIETY DR,NEW ORLEANS,LA,70126,22,22071,Orleans Parish,11,30.01289,-90.036891,35380,"New Orleans-Metairie, LA",1,406,"New Orleans-Metairie-Hammond, LA-MS",N,N,2202,22097,22003,2021-2022,22071003702,22071,380408,123390,216866,818,10680,61,8407,20186,51116,,880,1373,226,275,38,1192,1424,1705
Orleans Parish,-90.114043,29.956555,8966,537758,ST MARYS DOMINICAN HIGH SCHOOL,7701 WALMSLEY AVE,NEW ORLEANS,LA,70125,22,22071,Orleans Parish,11,29.956555,-90.114043,35380,"New Orleans-Metairie, LA",1,406,"New Orleans-Metairie-Hammond, LA-MS",N,N,2202,22091,22005,2021-2022,22071009900,22071,380408,123390,216866,818,10680,61,8407,20186,51116,,880,1373,226,275,38,1192,1424,1705
Orleans Parish,-89.972559,30.024374,8964,537565,RESURRECTION OF OUR LORD,4861 ROSALIA DR,NEW ORLEANS,LA,70127,22,22071,Orleans Parish,11,30.024374,-89.972559,35380,"New Orleans-Metairie, LA",1,406,"New Orleans-Metairie-Hammond, LA-MS",N,N,2202,22100,22003,2021-2022,22071005602,22071,380408,123390,216866,818,10680,61,8407,20186,51116,,880,1373,226,275,38,1192,1424,1705
Orleans Parish,-90.082831,30.01932,8993,A1902134,CATHEDRAL MONTESSORI SCHOOL,9 FORTRESS RD,NEW ORLEANS,LA,70122,22,22071,Orleans Parish,11,30.01932,-90.082831,35380,"New Orleans-Metairie, LA",1,406,"New Orleans-Metairie-Hammond, LA-MS",N,N,2202,22097,22004,2021-2022,22071003100,22071,380408,123390,216866,818,10680,61,8407,20186,51116,,880,1373,226,275,38,1192,1424,1705
Orleans Parish,-89.998254,30.040686,8994,A1902153,HYPE ACADEMY,7901 CROWDER BLVD,NEW ORLEANS,LA,70127,22,22071,Orleans Parish,11,30.040686,-89.998254,35380,"New Orleans-Metairie, LA",1,406,"New Orleans-Metairie-Hammond, LA-MS",N,N,2202,22100,22004,2021-2022,22071012900,22071,380408,123390,216866,818,10680,61,8407,20186,51116,,880,1373,226,275,38,1192,1424,1705
Orleans Parish,-90.067101,29.98749,8977,A0304068,THE GOOD SHEPHERD NATIVITY MISSION SCHOOL,1839 AGRICULTURE ST,NEW ORLEANS,LA,70119,22,22071,Orleans Parish,11,29.98749,-90.067101,35380,"New Orleans-Metairie, LA",1,406,"New Orleans-Metairie-Hammond, LA-MS",N,N,2202,22093,22005,2021-2022,22071002300,22071,380408,123390,216866,818,10680,61,8407,20186,51116,,880,1373,226,275,38,1192,1424,1705
Orleans Parish,-90.090094,30.024478,8987,A1501746,CRESCENT CITY MONTESSORI SCHOOL,6645 SPANISH FORT BLVD,NEW ORLEANS,LA,70124,22,22071,Orleans Parish,11,30.024478,-90.090094,35380,"New Orleans-Metairie, LA",1,406,"New Orleans-Metairie-Hammond, LA-MS",N,N,2201,22094,22004,2021-2022,22071009400,22071,380408,123390,216866,818,10680,61,8407,20186,51116,,880,1373,226,275,38,1192,1424,1705
Ouachita Parish,-92.106541,32.53782,9007,A0103844,QUESTECH LEARNING,2401 OLIVER RD,MONROE,LA,71201,22,22073,Ouachita Parish,13,32.53782,-92.106541,33740,"Monroe, LA",1,384,"Monroe-Ruston, LA",N,N,2205,22014,22035,2021-2022,22073001700,22073,159585,91697,59511,266,1854,19,2168,4070,49261,,774,683,177,142,12,461,919,2573
Ouachita Parish,-92.069801,32.59819,9006,2160299,OUACHITA CHRISTIAN SCHOOL,7065 HWY 165 N,MONROE,LA,71203,22,22073,Ouachita Parish,41,32.59819,-92.069801,33740,"Monroe, LA",1,384,"Monroe-Ruston, LA",N,N,2205,22014,22033,2021-2022,22073000200,22073,159585,91697,59511,266,1854,19,2168,4070,49261,,774,683,177,142,12,461,919,2573
Ouachita Parish,-92.115567,32.545689,9003,538886,JESUS THE GOOD SHEPHERD SCHOOL,900 GOOD SHEPHERD LN,MONROE,LA,71201,22,22073,Ouachita Parish,13,32.545689,-92.115567,33740,"Monroe, LA",1,384,"Monroe-Ruston, LA",N,N,2205,22014,22035,2021-2022,22073000100,22073,159585,91697,59511,266,1854,19,2168,4070,49261,,774,683,177,142,12,461,919,2573
Ouachita Parish,-92.062111,32.56665,9005,542291,RIVER OAKS SCHOOL,600 FINKS HIDEAWAY RD,MONROE,LA,71203,22,22073,Ouachita Parish,22,32.56665,-92.062111,33740,"Monroe, LA",1,384,"Monroe-Ruston, LA",N,N,2205,22014,22033,2021-2022,22073010302,22073,159585,91697,59511,266,1854,19,2168,4070,49261,,774,683,177,142,12,461,919,2573
Ouachita Parish,-92.091781,32.52576,9008,A1501763,PREVAILING FAITH CHRISTIAN ACADEMY,1111 PLZ BLVD,MONROE,LA,71201,22,22073,Ouachita Parish,13,32.52576,-92.091781,33740,"Monroe, LA",1,384,"Monroe-Ruston, LA",N,N,2205,22014,22034,2021-2022,22073005500,22073,159585,91697,59511,266,1854,19,2168,4070,49261,,774,683,177,142,12,461,919,2573
Ouachita Parish,-92.186641,32.51015,9010,A9701674,NORTHEAST BAPTIST SCHOOL,5225 I 20 SERVICE RD,WEST MONROE,LA,71292,22,22073,Ouachita Parish,22,32.51015,-92.186641,33740,"Monroe, LA",1,384,"Monroe-Ruston, LA",N,N,2205,22015,22035,2021-2022,22073001700,22073,159585,91697,59511,266,1854,19,2168,4070,49261,,774,683,177,142,12,461,919,2573
Ouachita Parish,-90.088343,29.981415,9001,X0537306,CABRINI HIGH SCHOOL,1400 MOSS ST,NEW ORLEANS,LA,70119,22,22071,Orleans Parish,11,29.981415,-90.088343,35380,"New Orleans-Metairie, LA",1,406,"New Orleans-Metairie-Hammond, LA-MS",N,N,2202,22097,22004,2021-2022,22073010800,22073,159585,91697,59511,266,1854,19,2168,4070,49261,,774,683,177,142,12,461,919,2573
Plaquemines Parish,-92.084487,32.534964,9011,X0538842,ST FREDERICK HIGH SCHOOL,3300 WESTMINISTER AVE,MONROE,LA,71201,22,22073,Ouachita Parish,13,32.534964,-92.084487,33740,"Monroe, LA",1,384,"Monroe-Ruston, LA",N,N,2205,22014,22034,2021-2022,22075050202,22075,23305,14918,4945,285,996,23,375,1763,77996,,287,461,138,63,38,213,569,3933
Rapides Parish,-92.497171,31.33336,9018,A9102980,MONTESSORI EDUCATIONAL CENTER,4209 N BOLTON AVE,ALEXANDRIA,LA,71303,22,22079,Rapides Parish,13,31.33336,-92.497171,10780,"Alexandria, LA",1,N,N,N,N,2205,22026,22029,2021-2022,22079012301,22079,129536,80405,40339,604,1538,15,1301,5334,55407,,444,555,174,262,16,373,723,2017
Rapides Parish,-92.462791,31.30254,9015,538911,OUR LADY-PROMPT SUCCOR SCHOOL,420 21ST ST,ALEXANDRIA,LA,71301,22,22079,Rapides Parish,13,31.30254,-92.462791,10780,"Alexandria, LA",1,N,N,N,N,2205,22026,22029,2021-2022,22079013800,22079,129536,80405,40339,604,1538,15,1301,5334,55407,,444,555,174,262,16,373,723,2017
Rapides Parish,-91.45516,30.688464,9013,1650295,FALSE RIVER ACADEMY,201 MAJOR PKWY,NEW ROADS,LA,70760,22,22077,Pointe Coupee Parish,32,30.688464,-91.45516,12940,"Baton Rouge, LA",1,N,N,N,N,2206,22018,22017,2021-2022,22079012600,22079,129536,80405,40339,604,1538,15,1301,5334,55407,,444,555,174,262,16,373,723,2017
Rapides Parish,-92.538991,31.29506,9017,542622,HOPE BAPTIST SCHOOL,7921 HWY 28 W,ALEXANDRIA,LA,71303,22,22079,Rapides Parish,41,31.29506,-92.538991,10780,"Alexandria, LA",1,N,N,N,N,2205,22025,22031,2021-2022,22079010701,22079,129536,80405,40339,604,1538,15,1301,5334,55407,,444,555,174,262,16,373,723,2017
St. Bernard Parish,-93.429381,32.16381,9021,542382,RIVERDALE ACADEMY,100 RIVERDALE RD,COUSHATTA,LA,71019,22,22081,Red River Parish,42,32.16381,-93.429381,N,N,N,N,N,N,N,2204,22022,22031,2021-2022,22087030700,22087,44038,28618,10499,327,1076,0,563,2955,55857,,471,239,95,58,30,224,471,3072
St. Charles Parish,-89.966779,29.94063,9022,538004,OUR LADY OF PROMPT SUCCOR SCHOOL,2305 FENELON ST,CHALMETTE,LA,70043,22,22087,St. Bernard Parish,21,29.94063,-89.966779,35380,"New Orleans-Metairie, LA",1,406,"New Orleans-Metairie-Hammond, LA-MS",N,N,2201,22103,22003,2021-2022,22089062302,22089,52191,34653,12273,525,492,3,1856,2389,79191,,407,555,291,132,10,516,578,6237
St. James Parish,-90.712821,30.02793,9024,539176,ST PETER CHANEL INTERPAROCHIAL SCHOOL,2590 LA 44,PAULINA,LA,70763,22,22093,St. James Parish,31,30.02793,-90.712821,35380,"New Orleans-Metairie, LA",1,406,"New Orleans-Metairie-Hammond, LA-MS",N,N,2202,22058,22018,2021-2022,22093040300,22093,20090,9938,9732,26,5,46,163,180,62946,,102,118,48,10,94,176,148,9793
St. John the Baptist Parish,-90.499225,30.068129,9025,538241,ST JOAN OF ARC CATHOLIC SCHOOL,412 FIR ST,LA PLACE,LA,70068,22,22095,St. John the Baptist Parish,21,30.068129,-90.499225,35380,"New Orleans-Metairie, LA",1,406,"New Orleans-Metairie-Hammond, LA-MS",N,N,2202,22057,22019,2021-2022,22095070700,22095,41986,13830,23616,158,387,1,1745,2249,65114,,435,549,131,167,2,598,569,5713
St. John the Baptist Parish,-90.561387,30.062144,9027,541684,RIVERSIDE ACADEMY,332 RAILROAD AVE,RESERVE,LA,70084,22,22095,St. John the Baptist Parish,21,30.062144,-90.561387,35380,"New Orleans-Metairie, LA",1,406,"New Orleans-Metairie-Hammond, LA-MS",N,N,2202,22081,22002,2021-2022,22095070300,22095,41986,13830,23616,158,387,1,1745,2249,65114,,435,549,131,167,2,598,569,5713
St. Landry Parish,-92.076921,30.54352,9031,540261,OPELOUSAS CATHOLIC SCHOOL,428 E PRUDHOMME ST,OPELOUSAS,LA,70570,22,22097,St. Landry Parish,31,30.54352,-92.076921,36660,"Opelousas, LA",2,318,"Lafayette-Opelousas-Morgan City, LA",N,N,2205,22040,22024,2021-2022,22097960601,22097,82574,44705,33617,106,459,176,894,2617,44478,,308,470,74,40,200,416,450,2152
St. Landry Parish,-92.417911,30.498344,9029,539788,ST EDMUND CATHOLIC SCHOOL,351 W MAGNOLIA AVE,EUNICE,LA,70535,22,22097,St. Landry Parish,32,30.498344,-92.417911,36660,"Opelousas, LA",2,318,"Lafayette-Opelousas-Morgan City, LA",N,N,2204,22041,22028,2021-2022,22097961900,22097,82574,44705,33617,106,459,176,894,2617,44478,,308,470,74,40,200,416,450,2152
St. Landry Parish,-90.481198,30.084297,9028,1920264,ASCENSION OF OUR LORD CATHOLIC SCHOOL,1809 GREENWOOD DR,LA PLACE,LA,70068,22,22095,St. John the Baptist Parish,21,30.084297,-90.481198,35380,"New Orleans-Metairie, LA",1,406,"New Orleans-Metairie-Hammond, LA-MS",N,N,2202,22057,22019,2021-2022,22097961000,22097,82574,44705,33617,106,459,176,894,2617,44478,,308,470,74,40,200,416,450,2152
St. Landry Parish,-92.080203,30.56565,9032,A0501729,FAMILY WORSHIP CHRISTIAN ACADEMY,433 COMPRESS RD,OPELOUSAS,LA,70570,22,22097,St. Landry Parish,31,30.56565,-92.080203,36660,"Opelousas, LA",2,318,"Lafayette-Opelousas-Morgan City, LA",N,N,2205,22040,22024,2021-2022,22097961200,22097,82574,44705,33617,106,459,176,894,2617,44478,,308,470,74,40,200,416,450,2152
St. Martin Parish,-91.834536,30.089375,9036,A0990063,EVANGEL HOUSE CHRISTIAN ACADEMY,7084 CEMETARY HWY,SAINT MARTINVILLE,LA,70582,22,22099,St. Martin Parish,41,30.089375,-91.834536,29180,"Lafayette, LA",1,318,"Lafayette-Opelousas-Morgan City, LA",N,N,2203,22046,22022,2021-2022,22099020800,22099,51856,34230,14903,135,493,74,177,1844,50806,,345,309,99,38,113,121,415,2405
St. Mary Parish,-91.878461,30.30949,9037,A1592086,LOUISIANA CHRISTIAN SCHOOL,1545 ANSE BROUSSARD HWY,BREAUX BRIDGE,LA,70517,22,22099,St. Martin Parish,41,30.30949,-91.878461,29180,"Lafayette, LA",1,318,"Lafayette-Opelousas-Morgan City, LA",N,N,2203,22046,22022,2021-2022,22101041500,22101,49114,28427,14554,762,625,13,1623,3110,47322,,323,517,91,95,22,379,626,2292
St. Mary Parish,-91.508255,29.793944,9038,540181,HANSON MEMORIAL HIGH SCHOOL,903 ANDERSON ST,FRANKLIN,LA,70538,22,22101,St. Mary Parish,32,29.793944,-91.508255,34020,"Morgan City, LA",2,318,"Lafayette-Opelousas-Morgan City, LA",N,N,2203,22050,22021,2021-2022,22101040200,22101,49114,28427,14554,762,625,13,1623,3110,47322,,323,517,91,95,22,379,626,2292
St. Tammany Parish,-90.098549,30.47424,9041,538343,ST SCHOLASTICA ACADEMY,122 S MASSACHUSETTS ST,COVINGTON,LA,70433,22,22103,St. Tammany Parish,23,30.47424,-90.098549,35380,"New Orleans-Metairie, LA",1,406,"New Orleans-Metairie-Hammond, LA-MS",N,N,2201,22077,22011,2021-2022,22103040602,22103,266168,207322,32362,2053,3821,689,3302,16619,76914,,1195,1000,649,421,572,1043,1521,2541
St. Tammany Parish,-90.181803,30.467965,9043,A0901571,ARCHBISHOP HANNAN HIGH SCHOOL,71324 HWY 1077,COVINGTON,LA,70433,22,22103,St. Tammany Parish,41,30.467965,-90.181803,35380,"New Orleans-Metairie, LA",1,406,"New Orleans-Metairie-Hammond, LA-MS",N,N,2201,22077,22011,2021-2022,22103040401,22103,266168,207322,32362,2053,3821,689,3302,16619,76914,,1195,1000,649,421,572,1043,1521,2541
St. Tammany Parish,-89.735811,30.29405,9051,A9501983,SLIDELL CHRISTIAN ACADEMY,59334 N PEARL DR,SLIDELL,LA,70461,22,22103,St. Tammany Parish,23,30.29405,-89.735811,35380,"New Orleans-Metairie, LA",1,406,"New Orleans-Metairie-Hammond, LA-MS",N,N,2201,22076,22001,2021-2022,22103040710,22103,266168,207322,32362,2053,3821,689,3302,16619,76914,,1195,1000,649,421,572,1043,1521,2541
St. Tammany Parish,-91.206067,29.71308,9039,540465,CENTRAL CATHOLIC  SCHOOL,2100 CEDAR ST UNIT 1,MORGAN CITY,LA,70380,22,22101,St. Mary Parish,32,29.71308,-91.206067,34020,"Morgan City, LA",2,318,"Lafayette-Opelousas-Morgan City, LA",N,N,2203,22051,22021,2021-2022,22103040801,22103,266168,207322,32362,2053,3821,689,3302,16619,76914,,1195,1000,649,421,572,1043,1521,2541
St. Tammany Parish,-90.159678,30.42342,9048,A2192760,LAKE CASTLE MADISONVILLE,235 HWY 21,MADISONVILLE,LA,70447,22,22103,St. Tammany Parish,41,30.42342,-90.159678,35380,"New Orleans-Metairie, LA",1,406,"New Orleans-Metairie-Hammond, LA-MS",N,N,2201,22077,22011,2021-2022,22103040501,22103,266168,207322,32362,2053,3821,689,3302,16619,76914,,1195,1000,649,421,572,1043,1521,2541
St. Tammany Parish,-90.102171,30.47674,9049,A9501940,COVINGTON MONTESSORI SCHOOL,116 N MONROE ST,COVINGTON,LA,70433,22,22103,St. Tammany Parish,23,30.47674,-90.102171,35380,"New Orleans-Metairie, LA",1,406,"New Orleans-Metairie-Hammond, LA-MS",N,N,2201,22077,22011,2021-2022,22103041104,22103,266168,207322,32362,2053,3821,689,3302,16619,76914,,1195,1000,649,421,572,1043,1521,2541
St. Tammany Parish,-89.735532,30.28433,9053,A9902093,EARLY LRNG  CTR  AT GRACE MEMORIAL BAPTIST CHURCH,58516 PEARL ACRES RD,SLIDELL,LA,70461,22,22103,St. Tammany Parish,23,30.28433,-89.735532,35380,"New Orleans-Metairie, LA",1,406,"New Orleans-Metairie-Hammond, LA-MS",N,N,2201,22076,22001,2021-2022,22103040601,22103,266168,207322,32362,2053,3821,689,3302,16619,76914,,1195,1000,649,421,572,1043,1521,2541
St. Tammany Parish,-90.035061,30.478666,9045,A1501769,SOUTHERN MAGNOLIA MONTESSORI SCHOOL,72074 LIVE OAK ST,ABITA SPRINGS,LA,70420,22,22103,St. Tammany Parish,23,30.478666,-90.035061,35380,"New Orleans-Metairie, LA",1,406,"New Orleans-Metairie-Hammond, LA-MS",N,N,2201,22074,22011,2021-2022,22103041103,22103,266168,207322,32362,2053,3821,689,3302,16619,76914,,1195,1000,649,421,572,1043,1521,2541
St. Tammany Parish,-89.787952,30.249348,9040,537973,OUR LADY OF LOURDES ELEMENTARY SCHOOL,345 WESTCHESTER PL,SLIDELL,LA,70458,22,22103,St. Tammany Parish,23,30.249348,-89.787952,35380,"New Orleans-Metairie, LA",1,406,"New Orleans-Metairie-Hammond, LA-MS",N,N,2201,22076,22001,2021-2022,22103040602,22103,266168,207322,32362,2053,3821,689,3302,16619,76914,,1195,1000,649,421,572,1043,1521,2541
St. Tammany Parish,-89.783031,30.29022,9046,A1701857,CHILDREN'S COLLEGE,967 CARNATION ST,SLIDELL,LA,70460,22,22103,St. Tammany Parish,23,30.29022,-89.783031,35380,"New Orleans-Metairie, LA",1,406,"New Orleans-Metairie-Hammond, LA-MS",N,N,2201,22090,22001,2021-2022,22103041104,22103,266168,207322,32362,2053,3821,689,3302,16619,76914,,1195,1000,649,421,572,1043,1521,2541
St. Tammany Parish,-90.105246,30.467439,9055,X0538365,ST PAULS HIGH SCHOOL,917 S JAHNCKE AVE,COVINGTON,LA,70433,22,22103,St. Tammany Parish,23,30.467439,-90.105246,35380,"New Orleans-Metairie, LA",1,406,"New Orleans-Metairie-Hammond, LA-MS",N,N,2201,22077,22011,2021-2022,22103040710,22103,266168,207322,32362,2053,3821,689,3302,16619,76914,,1195,1000,649,421,572,1043,1521,2541
Tangipahoa Parish,-90.519313,30.734012,9058,541527,OAK FOREST ACADEMY,600 WALNUT ST,AMITE,LA,70422,22,22105,Tangipahoa Parish,31,30.734012,-90.519313,25220,"Hammond, LA",1,406,"New Orleans-Metairie-Hammond, LA-MS",N,N,2205,22072,22012,2021-2022,22105953901,22105,133953,85044,39939,124,954,43,1157,6692,55274,,849,759,70,180,70,417,1083,2869
Tangipahoa Parish,-90.448731,30.48652,9061,A9102981,OAKS MONTESSORI SCHOOL,43283 S RANGE RD,HAMMOND,LA,70403,22,22105,Tangipahoa Parish,23,30.48652,-90.448731,25220,"Hammond, LA",1,406,"New Orleans-Metairie-Hammond, LA-MS",N,N,2201,22086,22011,2021-2022,22105954400,22105,133953,85044,39939,124,954,43,1157,6692,55274,,849,759,70,180,70,417,1083,2869
Tangipahoa Parish,-89.743585,30.279777,9056,X1920275,POPE JOHN PAUL II CATHOLIC HIGH SCHOOL,1901 JAGUAR DR,SLIDELL,LA,70461,22,22103,St. Tammany Parish,23,30.279777,-89.743585,35380,"New Orleans-Metairie, LA",1,406,"New Orleans-Metairie-Hammond, LA-MS",N,N,2201,22076,22001,2021-2022,22105953402,22105,133953,85044,39939,124,954,43,1157,6692,55274,,849,759,70,180,70,417,1083,2869
Tangipahoa Parish,-90.487945,30.529226,9059,2160095,ST THOMAS AQUINAS REGIONAL CATHOLIC HIGH SCHOOL,14520 VOSS DR,HAMMOND,LA,70401,22,22105,Tangipahoa Parish,23,30.529226,-90.487945,25220,"Hammond, LA",1,406,"New Orleans-Metairie-Hammond, LA-MS",N,N,2201,22086,22006,2021-2022,22105954200,22105,133953,85044,39939,124,954,43,1157,6692,55274,,849,759,70,180,70,417,1083,2869
Tensas Parish,-90.460571,30.54409,9062,A9103005,TRAFTON ACADEMY AT HAMMOND,47342 N CHERRY ST,HAMMOND,LA,70401,22,22105,Tangipahoa Parish,23,30.54409,-90.460571,25220,"Hammond, LA",1,406,"New Orleans-Metairie-Hammond, LA-MS",N,N,2201,22072,22012,2021-2022,22107000300,22107,4127,1726,2168,0,34,0,103,96,35653,,22,102,14,53,14,80,68,4539
Terrebonne Parish,-90.723491,29.59506,9065,540385,ST FRANCIS DE SALES CATHEDRAL SCHOOL,300 VERRET ST,HOUMA,LA,70360,22,22109,Terrebonne Parish,13,29.59506,-90.723491,26380,"Houma-Thibodaux, LA",1,N,N,N,N,2201,22052,22020,2021-2022,22109000902,22109,108862,73482,20784,5950,1301,24,1259,6062,63088,,666,620,433,67,41,327,867,3476
Terrebonne Parish,-90.733211,29.58104,9070,A9102972,HOUMA CHRISTIAN SCHOOL,109 VALHI BLVD,HOUMA,LA,70360,22,22109,Terrebonne Parish,13,29.58104,-90.733211,26380,"Houma-Thibodaux, LA",1,N,N,N,N,2201,22052,22021,2021-2022,22109001702,22109,108862,73482,20784,5950,1301,24,1259,6062,63088,,666,620,433,67,41,327,867,3476
Terrebonne Parish,-91.246916,31.929953,9063,541877,TENSAS ACADEMY,418 HWY 128,SAINT JOSEPH,LA,71366,22,22107,Tensas Parish,43,31.929953,-91.246916,N,N,N,N,N,N,N,2205,22021,22034,2021-2022,22109000203,22109,108862,73482,20784,5950,1301,24,1259,6062,63088,,666,620,433,67,41,327,867,3476
Terrebonne Parish,-90.729,29.580624,9069,A2101870,ELEARNING ACADEMY OF HOUMA,220 CIVIC CENTER BLVD,HOUMA,LA,70360,22,22109,Terrebonne Parish,13,29.580624,-90.729,26380,"Houma-Thibodaux, LA",1,N,N,N,N,2201,22052,22021,2021-2022,22109001703,22109,108862,73482,20784,5950,1301,24,1259,6062,63088,,666,620,433,67,41,327,867,3476
Vermilion Parish,-90.748201,29.60256,9071,X0540487,VANDEBILT CATHOLIC HIGH SCHOOL,209 S HOLLYWOOD RD,HOUMA,LA,70360,22,22109,Terrebonne Parish,22,29.60256,-90.748201,26380,"Houma-Thibodaux, LA",1,N,N,N,N,2206,22052,22021,2021-2022,22113950903,22113,57202,45074,7718,89,1026,127,356,2812,56194,,514,404,80,112,150,176,564,3429
Vermilion Parish,-92.105304,29.978367,9072,A0103835,HARVEST TIME CHRISTIAN ACADEMY,103 ROBERT WELLS RD,ABBEVILLE,LA,70510,22,22113,Vermilion Parish,31,29.978367,-92.105304,29180,"Lafayette, LA",1,318,"Lafayette-Opelousas-Morgan City, LA",N,N,2203,22049,22026,2021-2022,22113950600,22113,57202,45074,7718,89,1026,127,356,2812,56194,,514,404,80,112,150,176,564,3429
Washington Parish,-90.157033,30.838519,9075,542462,BOWLING GREEN SCHOOL,700 VARNADO ST,FRANKLINTON,LA,70438,22,22117,Washington Parish,32,30.838519,-90.157033,14220,"Bogalusa, LA",2,406,"New Orleans-Metairie-Hammond, LA-MS",N,N,2205,22075,22012,2021-2022,22117950502,22117,45514,29963,13814,115,51,0,228,1343,41803,,418,268,45,82,30,331,520,3193
Washington Parish,-92.140354,29.981496,9073,X0539697,VERMILION CATHOLIC HIGH SCHOOL,425 PARK AVE,ABBEVILLE,LA,70510,22,22113,Vermilion Parish,31,29.981496,-92.140354,29180,"Lafayette, LA",1,318,"Lafayette-Opelousas-Morgan City, LA",N,N,2203,22047,22026,2021-2022,22117950700,22117,45514,29963,13814,115,51,0,228,1343,41803,,418,268,45,82,30,331,520,3193
Webster Parish,-89.897218,30.738974,9076,2160335,BENS FORD CHRISTIAN SCHOOL,59253 MOUNT PLEASANT RD # 2,BOGALUSA,LA,70427,22,22117,Washington Parish,41,30.738974,-89.897218,14220,"Bogalusa, LA",2,406,"New Orleans-Metairie-Hammond, LA-MS",N,N,2205,22075,22012,2021-2022,22119031600,22119,36761,23275,12355,81,93,7,30,920,34263,,202,169,62,62,10,35,254,1859
West Baton Rouge Parish,-91.254546,30.371085,9079,A1992163,THE CHRISTIAN ACADEMY OF LOUISIANA,6781 LA HWY 1 S,ADDIS,LA,70710,22,22121,West Baton Rouge Parish,21,30.371085,-91.254546,12940,"Baton Rouge, LA",1,N,N,N,N,2202,22018,22002,2021-2022,22121020401,22121,27377,15247,11289,0,129,0,357,355,80510,,224,209,26,148,26,211,174,7340
