,index,County,X,Y,OBJECTID,PPIN,NAME,STREET,CITY,STATE,ZIP,STFIP,CNTY,NMCNTY,LOCALE,LAT,LON,CBSA,NMCBSA,CBSATYPE,CSA,NMCSA,NECTA,NMNECTA,CD,SLDL,SLDU,SCHOOLYEAR,Census_Tract,GEOID,total_pop_estimate,white_estimate,black_estimate,native_american_estimate,asian_estimate,pacific_islander_estimate,other_race_estimate,two_or_more_estimate,med_inc_estimate,total_pop_moe,white_moe,black_moe,native_american_moe,asian_moe,pacific_islander_moe,other_race_moe,two_or_more_moe,med_inc_moe,black_percentage
17,746,Athens County,-80.938224,41.773932,15100,A2103002,SPIRE ACADEMY,5201 SPIRE CIR,GENEVA,OH,44041,39,39007,Ashtabula County,41,41.773932,-80.938224,11780,"Ashtabula, OH",2,184,"Cleveland-Akron-Canton, OH",N,N,3914,39099,39032,2021-2022,39009973600,39009,61276,55686,1557,69,1604,19,218,2123,48750,,194,163,48,222,27,147,278,3695,0.025409622037992036
125,2112,Butler County,-84.383161,39.39646,15119,A0701816,MOTHER TERESA CATHOLIC ELEMENTARY,7197 MOTHER TERESA LN,LIBERTY TOWNSHIP,OH,45044,39,39017,Butler County,21,39.39646,-84.383161,17140,"Cincinnati, OH-KY-IN",1,178,"Cincinnati-Wilmington-Maysville, OH-KY-IN",N,N,3908,39052,39004,2021-2022,39017014700,21031,12365,11869,64,9,83,0,77,263,47589,,145,60,14,57,19,107,119,5577,0.0051758997169429844
126,2113,Butler County,-84.460021,39.34848,15120,A1101843,"KINDER GARDEN SCHOOL, WEST CHESTER",8374 PRINCETON GLENDALE RD STE 5,WEST CHESTER,OH,45069,39,39017,Butler County,21,39.34848,-84.460021,17140,"Cincinnati, OH-KY-IN",1,178,"Cincinnati-Wilmington-Maysville, OH-KY-IN",N,N,3908,39052,39004,2021-2022,39017011005,21031,12365,11869,64,9,83,0,77,263,47589,,145,60,14,57,19,107,119,5577,0.0051758997169429844
128,2115,Butler County,-84.385386,39.378285,15125,A2102999,ROYAL REDEEMER LUTHERAN PRESCHOOL,7127 DUTCHLAND PKWY,LIBERTY TWP,OH,45044,39,39017,Butler County,21,39.378285,-84.385386,17140,"Cincinnati, OH-KY-IN",1,178,"Cincinnati-Wilmington-Maysville, OH-KY-IN",N,N,3908,39052,39004,2021-2022,39017010909,21031,12365,11869,64,9,83,0,77,263,47589,,145,60,14,57,19,107,119,5577,0.0051758997169429844
129,2116,Butler County,-84.502951,39.36113,15126,A9503228,FARMVIEW MONTESSORI GARDEN,3501 TYLERSVILLE RD,HAMILTON,OH,45011,39,39017,Butler County,21,39.36113,-84.502951,17140,"Cincinnati, OH-KY-IN",1,178,"Cincinnati-Wilmington-Maysville, OH-KY-IN",N,N,3908,39051,39004,2021-2022,39017011120,21031,12365,11869,64,9,83,0,77,263,47589,,145,60,14,57,19,107,119,5577,0.0051758997169429844
130,2117,Butler County,-84.566911,39.40801,15118,A0304096,ST PETER IN CHAINS SCHOOL,451 RIDGELAWN AVE,HAMILTON,OH,45013,39,39017,Butler County,21,39.40801,-84.566911,17140,"Cincinnati, OH-KY-IN",1,178,"Cincinnati-Wilmington-Maysville, OH-KY-IN",N,N,3908,39051,39004,2021-2022,39017011122,21031,12365,11869,64,9,83,0,77,263,47589,,145,60,14,57,19,107,119,5577,0.0051758997169429844
132,2119,Butler County,-84.753801,39.51617,15115,2118586,MCGUFFEY MONTESSORI SCHOOL,5128 WESTGATE DR,OXFORD,OH,45056,39,39017,Butler County,31,39.51617,-84.753801,17140,"Cincinnati, OH-KY-IN",1,178,"Cincinnati-Wilmington-Maysville, OH-KY-IN",N,N,3908,39053,39004,2021-2022,39017010102,21031,12365,11869,64,9,83,0,77,263,47589,,145,60,14,57,19,107,119,5577,0.0051758997169429844
133,2120,Butler County,-84.362501,39.52844,15116,2121282,ST JOHN XXIII CATHOLIC SCHOOL,3806 MANCHESTER RD,MIDDLETOWN,OH,45042,39,39017,Butler County,23,39.52844,-84.362501,17140,"Cincinnati, OH-KY-IN",1,178,"Cincinnati-Wilmington-Maysville, OH-KY-IN",N,N,3908,39053,39004,2021-2022,39017011125,21031,12365,11869,64,9,83,0,77,263,47589,,145,60,14,57,19,107,119,5577,0.0051758997169429844
138,2125,Butler County,-84.385086,39.348473,15117,A0304095,INTERNATIONAL ACADEMY OF CINCINNATI,8094 PLANTATION DR,WEST CHESTER,OH,45069,39,39017,Butler County,21,39.348473,-84.385086,17140,"Cincinnati, OH-KY-IN",1,178,"Cincinnati-Wilmington-Maysville, OH-KY-IN",N,N,3908,39052,39004,2021-2022,39017014700,21031,12365,11869,64,9,83,0,77,263,47589,,145,60,14,57,19,107,119,5577,0.0051758997169429844
142,2129,Butler County,-84.592711,39.3943,15114,1895214,STEPHEN T BADIN HIGH SCHOOL,571 HAMILTON NEW LONDON RD,HAMILTON,OH,45013,39,39017,Butler County,21,39.3943,-84.592711,17140,"Cincinnati, OH-KY-IN",1,178,"Cincinnati-Wilmington-Maysville, OH-KY-IN",N,N,3908,39051,39004,2021-2022,39017012700,21031,12365,11869,64,9,83,0,77,263,47589,,145,60,14,57,19,107,119,5577,0.0051758997169429844
147,2134,Butler County,-84.459651,39.36392,15123,A1503028,THE GODDARD SCHOOL - WEST CHESTER,7739 PRINCETON GLENDALE RD,HAMILTON,OH,45011,39,39017,Butler County,21,39.36392,-84.459651,17140,"Cincinnati, OH-KY-IN",1,178,"Cincinnati-Wilmington-Maysville, OH-KY-IN",N,N,3908,39052,39004,2021-2022,39017011120,21031,12365,11869,64,9,83,0,77,263,47589,,145,60,14,57,19,107,119,5577,0.0051758997169429844
148,2135,Butler County,-84.567111,39.33798,15110,1055922,SACRED HEART OF JESUS ELEMENTARY SCHOOL,400 NILLES RD,FAIRFIELD,OH,45014,39,39017,Butler County,21,39.33798,-84.567111,17140,"Cincinnati, OH-KY-IN",1,178,"Cincinnati-Wilmington-Maysville, OH-KY-IN",N,N,3908,39051,39004,2021-2022,39017000200,21031,12365,11869,64,9,83,0,77,263,47589,,145,60,14,57,19,107,119,5577,0.0051758997169429844
150,2137,Butler County,-84.570131,39.40944,15122,A1502922,MAIN STREET SCHOOLHOUSE- INC,200 N F ST STE 1,HAMILTON,OH,45013,39,39017,Butler County,21,39.40944,-84.570131,17140,"Cincinnati, OH-KY-IN",1,178,"Cincinnati-Wilmington-Maysville, OH-KY-IN",N,N,3908,39051,39004,2021-2022,39017011122,21031,12365,11869,64,9,83,0,77,263,47589,,145,60,14,57,19,107,119,5577,0.0051758997169429844
155,2142,Butler County,-84.525531,39.39209,15121,A1390288,FAIRFIELD CHRISTIAN SCHOOL,2470 PRINCETON RD,HAMILTON,OH,45011,39,39017,Butler County,21,39.39209,-84.525531,17140,"Cincinnati, OH-KY-IN",1,178,"Cincinnati-Wilmington-Maysville, OH-KY-IN",N,N,3908,39052,39004,2021-2022,39017011112,21031,12365,11869,64,9,83,0,77,263,47589,,145,60,14,57,19,107,119,5577,0.0051758997169429844
157,2144,Butler County,-84.565091,39.39083,15112,1055977,ST JOSEPH CONSOLIDATED SCHOOL,925 S 2ND ST,HAMILTON,OH,45011,39,39017,Butler County,21,39.39083,-84.565091,17140,"Cincinnati, OH-KY-IN",1,178,"Cincinnati-Wilmington-Maysville, OH-KY-IN",N,N,3908,39051,39004,2021-2022,39017014800,21031,12365,11869,64,9,83,0,77,263,47589,,145,60,14,57,19,107,119,5577,0.0051758997169429844
500,6143,Greene County,-83.884141,39.79544,15427,1064336,THE ANTIOCH SCHOOL,1160 CORRY ST,YELLOW SPRINGS,OH,45387,39,39057,Greene County,31,39.79544,-83.884141,19430,"Dayton-Kettering, OH",1,212,"Dayton-Springfield-Kettering, OH",N,N,3910,39073,39010,2021-2022,39057255000,28041,13672,9781,3478,96,1,0,52,264,50000,,84,125,70,2,22,58,129,7358,0.25438853130485667
506,6149,Greene County,-84.058041,39.73296,15431,A1502831,CREATIVE WORLD OF MONTESSORI BEAVERCREEK,1481 N FAIRFIELD RD,BEAVERCREEK,OH,45432,39,39057,Greene County,21,39.73296,-84.058041,19430,"Dayton-Kettering, OH",1,212,"Dayton-Springfield-Kettering, OH",N,N,3910,39073,39010,2021-2022,39057210605,28041,13672,9781,3478,96,1,0,52,264,50000,,84,125,70,2,22,58,129,7358,0.25438853130485667
511,6154,Greene County,-84.055841,39.731468,15426,1055875,ST LUKE CATHOLIC ELEMENTARY SCHOOL,1442 N FAIRFIELD RD,BEAVERCREEK,OH,45432,39,39057,Greene County,21,39.731468,-84.055841,19430,"Dayton-Kettering, OH",1,212,"Dayton-Springfield-Kettering, OH",N,N,3910,39073,39010,2021-2022,39057200500,28041,13672,9781,3478,96,1,0,52,264,50000,,84,125,70,2,22,58,129,7358,0.25438853130485667
514,6157,Greene County,-84.054911,39.7438,15432,A9707465,BEAVERCREEK CHRISTIAN LEARNING CENTER,1850 N FAIRFIELD RD,BEAVERCREEK,OH,45432,39,39057,Greene County,21,39.7438,-84.054911,19430,"Dayton-Kettering, OH",1,212,"Dayton-Springfield-Kettering, OH",N,N,3910,39073,39010,2021-2022,39057210300,28041,13672,9781,3478,96,1,0,52,264,50000,,84,125,70,2,22,58,129,7358,0.25438853130485667
515,6158,Greene County,-84.044311,39.73545,15430,A0502705,BRIGHT BEGINNINGS ELEMENTARY,2973 LANTZ RD,BEAVERCREEK,OH,45434,39,39057,Greene County,21,39.73545,-84.044311,19430,"Dayton-Kettering, OH",1,212,"Dayton-Springfield-Kettering, OH",N,N,3910,39073,39010,2021-2022,39057210201,28041,13672,9781,3478,96,1,0,52,264,50000,,84,125,70,2,22,58,129,7358,0.25438853130485667
522,6165,Greene County,-81.069301,41.42507,15424,A1903458,ENOS A MILLER,15860 SHEDD RD,MIDDLEFIELD,OH,44062,39,39055,Geauga County,41,41.42507,-81.069301,17460,"Cleveland-Elyria, OH",1,184,"Cleveland-Akron-Canton, OH",N,N,3914,39076,39018,2021-2022,39057240100,28041,13672,9781,3478,96,1,0,52,264,50000,,84,125,70,2,22,58,129,7358,0.25438853130485667
534,6302,Hamilton County,-84.398315,39.204864,15514,A2102994,OHR TORAH CINCINNATI,4131 MATSON AVE,CINCINNATI,OH,45236,39,39061,Hamilton County,21,39.204864,-84.398315,17140,"Cincinnati, OH-KY-IN",1,178,"Cincinnati-Wilmington-Maysville, OH-KY-IN",N,N,3902,39028,39008,2021-2022,39061006502,12047,13492,7985,4403,163,69,0,346,526,47668,,197,172,88,58,23,184,169,5797,0.326341535724874
535,6303,Hamilton County,-84.471768,39.127995,15513,A2102971,THE SEVEN HILLS SCHOOL -DOHERTY CAMPUS,2726 JOHNSTONE PL,CINCINNATI,OH,45206,39,39061,Hamilton County,11,39.127995,-84.471768,17140,"Cincinnati, OH-KY-IN",1,178,"Cincinnati-Wilmington-Maysville, OH-KY-IN",N,N,3902,39027,39007,2021-2022,39061010201,12047,13492,7985,4403,163,69,0,346,526,47668,,197,172,88,58,23,184,169,5797,0.326341535724874
536,6304,Hamilton County,-84.500581,39.29813,15496,A1502812,CALVARY ACADEMY- THE,11970 KENN RD,CINCINNATI,OH,45240,39,39061,Hamilton County,21,39.29813,-84.500581,17140,"Cincinnati, OH-KY-IN",1,178,"Cincinnati-Wilmington-Maysville, OH-KY-IN",N,N,3901,39028,39008,2021-2022,39061025102,12047,13492,7985,4403,163,69,0,346,526,47668,,197,172,88,58,23,184,169,5797,0.326341535724874
537,6305,Hamilton County,-84.650751,39.15658,15493,A0902564,CHILDRENS HOUSE-KDG-BRIDGETOWN,6155 BRIDGETOWN RD,CINCINNATI,OH,45248,39,39061,Hamilton County,21,39.15658,-84.650751,17140,"Cincinnati, OH-KY-IN",1,178,"Cincinnati-Wilmington-Maysville, OH-KY-IN",N,N,3901,39030,39008,2021-2022,39061023201,12047,13492,7985,4403,163,69,0,346,526,47668,,197,172,88,58,23,184,169,5797,0.326341535724874
538,6306,Hamilton County,-84.355051,39.0693,15490,A0502739,KINDERCARE LEANING CENTER,1069 NIMITZVIEW DR,CINCINNATI,OH,45230,39,39061,Hamilton County,21,39.0693,-84.355051,17140,"Cincinnati, OH-KY-IN",1,178,"Cincinnati-Wilmington-Maysville, OH-KY-IN",N,N,3902,39027,39007,2021-2022,39061025103,12047,13492,7985,4403,163,69,0,346,526,47668,,197,172,88,58,23,184,169,5797,0.326341535724874
539,6307,Hamilton County,-84.430831,39.12686,15477,1056788,CARDINAL PACELLI ELEMENTARY SCHOOL,927 ELLISON AVE,CINCINNATI,OH,45226,39,39061,Hamilton County,11,39.12686,-84.430831,17140,"Cincinnati, OH-KY-IN",1,178,"Cincinnati-Wilmington-Maysville, OH-KY-IN",N,N,3902,39027,39007,2021-2022,39061003000,12047,13492,7985,4403,163,69,0,346,526,47668,,197,172,88,58,23,184,169,5797,0.326341535724874
541,6309,Hamilton County,-84.449721,39.21537,15495,A0902602,STS PETER & PAUL ACADEMY,231 CLARK RD,READING,OH,45215,39,39061,Hamilton County,21,39.21537,-84.449721,17140,"Cincinnati, OH-KY-IN",1,178,"Cincinnati-Wilmington-Maysville, OH-KY-IN",N,N,3902,39028,39008,2021-2022,39061021202,12047,13492,7985,4403,163,69,0,346,526,47668,,197,172,88,58,23,184,169,5797,0.326341535724874
544,6312,Hamilton County,-84.522751,39.12454,15502,A1503041,UNIVERSAL MUSLIM ACADEMY,2232 STRATFORD AVE,CINCINNATI,OH,45219,39,39061,Hamilton County,11,39.12454,-84.522751,17140,"Cincinnati, OH-KY-IN",1,178,"Cincinnati-Wilmington-Maysville, OH-KY-IN",N,N,3901,39031,39009,2021-2022,39061025102,12047,13492,7985,4403,163,69,0,346,526,47668,,197,172,88,58,23,184,169,5797,0.326341535724874
545,6313,Hamilton County,-84.624173,39.158425,15511,A1990613,ST ALOYSIUS,4390 BRIDGETOWN RD,CINCINNATI,OH,45211,39,39061,Hamilton County,21,39.158425,-84.624173,17140,"Cincinnati, OH-KY-IN",1,178,"Cincinnati-Wilmington-Maysville, OH-KY-IN",N,N,3901,39030,39008,2021-2022,39061023702,12047,13492,7985,4403,163,69,0,346,526,47668,,197,172,88,58,23,184,169,5797,0.326341535724874
546,6314,Hamilton County,-84.599491,39.11719,15510,A1903502,ST TERESA OF AVILA SCHOOL,1194 RULISON AVE,CINCINNATI,OH,45238,39,39061,Hamilton County,11,39.11719,-84.599491,17140,"Cincinnati, OH-KY-IN",1,178,"Cincinnati-Wilmington-Maysville, OH-KY-IN",N,N,3901,39030,39008,2021-2022,39061007100,12047,13492,7985,4403,163,69,0,346,526,47668,,197,172,88,58,23,184,169,5797,0.326341535724874
548,6316,Hamilton County,-84.336357,39.276702,15488,A0302449,CINCINNATI HILLS CHRISTIAN ACADEMY,8283 E KEMPER RD,CINCINNATI,OH,45249,39,39061,Hamilton County,21,39.276702,-84.336357,17140,"Cincinnati, OH-KY-IN",1,178,"Cincinnati-Wilmington-Maysville, OH-KY-IN",N,N,3901,39028,39008,2021-2022,39061022602,12047,13492,7985,4403,163,69,0,346,526,47668,,197,172,88,58,23,184,169,5797,0.326341535724874
549,6317,Hamilton County,-84.363201,39.24128,15499,A1502985,SKYWARD ACADEMY,9994 ZIG ZAG RD,CINCINNATI,OH,45242,39,39061,Hamilton County,21,39.24128,-84.363201,17140,"Cincinnati, OH-KY-IN",1,178,"Cincinnati-Wilmington-Maysville, OH-KY-IN",N,N,3901,39028,39008,2021-2022,39061002000,12047,13492,7985,4403,163,69,0,346,526,47668,,197,172,88,58,23,184,169,5797,0.326341535724874
550,6318,Hamilton County,-84.377051,39.08591,15471,1056664,ARCHBISHOP MCNICHOLAS HIGH SCHOOL,6536 BEECHMONT AVE,CINCINNATI,OH,45230,39,39061,Hamilton County,11,39.08591,-84.377051,17140,"Cincinnati, OH-KY-IN",1,178,"Cincinnati-Wilmington-Maysville, OH-KY-IN",N,N,3902,39027,39007,2021-2022,39061008202,12047,13492,7985,4403,163,69,0,346,526,47668,,197,172,88,58,23,184,169,5797,0.326341535724874
553,6321,Hamilton County,-84.398315,39.204864,15506,A1903408,AL PI DARKO INITIATIVE BDA OHR TORAH CINCINNATI,4131 MATSON AVE,CINCINNATI,OH,45236,39,39061,Hamilton County,21,39.204864,-84.398315,17140,"Cincinnati, OH-KY-IN",1,178,"Cincinnati-Wilmington-Maysville, OH-KY-IN",N,N,3902,39028,39008,2021-2022,39061023300,12047,13492,7985,4403,163,69,0,346,526,47668,,197,172,88,58,23,184,169,5797,0.326341535724874
554,6322,Hamilton County,-84.480379,39.123448,15436,1055172,MERCY MONTESSORI CENTER,2335 GRANDVIEW AVE,CINCINNATI,OH,45206,39,39061,Hamilton County,11,39.123448,-84.480379,17140,"Cincinnati, OH-KY-IN",1,178,"Cincinnati-Wilmington-Maysville, OH-KY-IN",N,N,3902,39031,39009,2021-2022,39061020705,12047,13492,7985,4403,163,69,0,346,526,47668,,197,172,88,58,23,184,169,5797,0.326341535724874
555,6323,Hamilton County,-84.468891,39.273377,15445,1055365,ST GABRIEL CONSOLIDATED SCHOOL,18 W SHARON RD,CINCINNATI,OH,45246,39,39061,Hamilton County,21,39.273377,-84.468891,17140,"Cincinnati, OH-KY-IN",1,178,"Cincinnati-Wilmington-Maysville, OH-KY-IN",N,N,3901,39028,39008,2021-2022,39061024100,12047,13492,7985,4403,163,69,0,346,526,47668,,197,172,88,58,23,184,169,5797,0.326341535724874
556,6324,Hamilton County,-84.627471,39.13541,15494,A0902575,HILLSIDE CHRISTIAN ACADEMY,5554 MUDDY CREEK RD,CINCINNATI,OH,45238,39,39061,Hamilton County,21,39.13541,-84.627471,17140,"Cincinnati, OH-KY-IN",1,178,"Cincinnati-Wilmington-Maysville, OH-KY-IN",N,N,3901,39030,39008,2021-2022,39061021501,12047,13492,7985,4403,163,69,0,346,526,47668,,197,172,88,58,23,184,169,5797,0.326341535724874
557,6325,Hamilton County,-84.588931,39.25559,15492,A0701809,HEAVEN'S TREASURES ACADEMY,3308 SPRINGDALE RD,CINCINNATI,OH,45251,39,39061,Hamilton County,21,39.25559,-84.588931,17140,"Cincinnati, OH-KY-IN",1,178,"Cincinnati-Wilmington-Maysville, OH-KY-IN",N,N,3901,39029,39008,2021-2022,39061021102,12047,13492,7985,4403,163,69,0,346,526,47668,,197,172,88,58,23,184,169,5797,0.326341535724874
559,6327,Hamilton County,-84.481621,39.124769,15501,A1503013,ST URSULA ACADEMY,1339 E MCMILLAN ST,CINCINNATI,OH,45206,39,39061,Hamilton County,11,39.124769,-84.481621,17140,"Cincinnati, OH-KY-IN",1,178,"Cincinnati-Wilmington-Maysville, OH-KY-IN",N,N,3902,39031,39009,2021-2022,39061005600,12047,13492,7985,4403,163,69,0,346,526,47668,,197,172,88,58,23,184,169,5797,0.326341535724874
561,6329,Hamilton County,-84.380351,39.14627,15473,1056697,CINCINNATI WALDORF SCHOOL,6743 CHESTNUT ST,CINCINNATI,OH,45227,39,39061,Hamilton County,21,39.14627,-84.380351,17140,"Cincinnati, OH-KY-IN",1,178,"Cincinnati-Wilmington-Maysville, OH-KY-IN",N,N,3902,39027,39007,2021-2022,39061024800,12047,13492,7985,4403,163,69,0,346,526,47668,,197,172,88,58,23,184,169,5797,0.326341535724874
562,6330,Hamilton County,-84.370531,39.24957,15459,1055682,URSULINE ACADEMY OF CINCINNATI,5535 PFEIFFER RD,CINCINNATI,OH,45242,39,39061,Hamilton County,21,39.24957,-84.370531,17140,"Cincinnati, OH-KY-IN",1,178,"Cincinnati-Wilmington-Maysville, OH-KY-IN",N,N,3902,39028,39008,2021-2022,39061026103,12047,13492,7985,4403,163,69,0,346,526,47668,,197,172,88,58,23,184,169,5797,0.326341535724874
563,6331,Hamilton County,-84.390555,39.149307,15500,A1503004,ST EDMUND CAMPION ACADEMY,6000 MURRAY AVE,CINCINNATI,OH,45227,39,39061,Hamilton County,11,39.149307,-84.390555,17140,"Cincinnati, OH-KY-IN",1,178,"Cincinnati-Wilmington-Maysville, OH-KY-IN",N,N,3902,39031,39009,2021-2022,39061002600,12047,13492,7985,4403,163,69,0,346,526,47668,,197,172,88,58,23,184,169,5797,0.326341535724874
564,6332,Hamilton County,-84.469301,39.17144,15491,A0502763,ST ALOYSIUS EDUCATION CENTER,4721 READING RD,CINCINNATI,OH,45237,39,39061,Hamilton County,11,39.17144,-84.469301,17140,"Cincinnati, OH-KY-IN",1,178,"Cincinnati-Wilmington-Maysville, OH-KY-IN",N,N,3901,39033,39009,2021-2022,39061020505,12047,13492,7985,4403,163,69,0,346,526,47668,,197,172,88,58,23,184,169,5797,0.326341535724874
566,6334,Hamilton County,-81.351801,40.12482,15435,A0902559,ANTRIM MENNONITE SCHOOL,20360 CADIZ RD,FREEPORT,OH,43973,39,39059,Guernsey County,42,40.12482,-81.351801,15740,"Cambridge, OH",2,198,"Columbus-Marion-Zanesville, OH",N,N,3906,39097,39020,2021-2022,39061022101,12047,13492,7985,4403,163,69,0,346,526,47668,,197,172,88,58,23,184,169,5797,0.326341535724874
568,6336,Hamilton County,-84.720981,39.247061,15498,A1502936,MT. HOPE CHRISTIAN ACADEMY,9200 STRIMPLE RD,HARRISON,OH,45030,39,39061,Hamilton County,41,39.247061,-84.720981,17140,"Cincinnati, OH-KY-IN",1,178,"Cincinnati-Wilmington-Maysville, OH-KY-IN",N,N,3901,39029,39008,2021-2022,39061023902,12047,13492,7985,4403,163,69,0,346,526,47668,,197,172,88,58,23,184,169,5797,0.326341535724874
569,6337,Hamilton County,-84.485901,39.24578,15508,A1903439,HILLCREST ACADEMY,246 BONHAM RD,CINCINNATI,OH,45215,39,39061,Hamilton County,21,39.24578,-84.485901,17140,"Cincinnati, OH-KY-IN",1,178,"Cincinnati-Wilmington-Maysville, OH-KY-IN",N,N,3902,39033,39009,2021-2022,39061020601,12047,13492,7985,4403,163,69,0,346,526,47668,,197,172,88,58,23,184,169,5797,0.326341535724874
572,6340,Hamilton County,-84.475001,39.13094,15464,1056529,PURCELL MARIAN HIGH SCHOOL,2935 HACKBERRY ST,CINCINNATI,OH,45206,39,39061,Hamilton County,11,39.13094,-84.475001,17140,"Cincinnati, OH-KY-IN",1,178,"Cincinnati-Wilmington-Maysville, OH-KY-IN",N,N,3901,39031,39009,2021-2022,39061021303,12047,13492,7985,4403,163,69,0,346,526,47668,,197,172,88,58,23,184,169,5797,0.326341535724874
575,6343,Hamilton County,-84.454271,39.265513,15478,1063773,BETHANY SCHOOL,555 ALBION AVE,CINCINNATI,OH,45246,39,39061,Hamilton County,21,39.265513,-84.454271,17140,"Cincinnati, OH-KY-IN",1,178,"Cincinnati-Wilmington-Maysville, OH-KY-IN",N,N,3901,39028,39008,2021-2022,39061024002,12047,13492,7985,4403,163,69,0,346,526,47668,,197,172,88,58,23,184,169,5797,0.326341535724874
577,6345,Hamilton County,-84.383051,39.1974,15455,1055616,ST VINCENT FERRER SCHOOL,7754 MONTGOMERY RD,CINCINNATI,OH,45236,39,39061,Hamilton County,21,39.1974,-84.383051,17140,"Cincinnati, OH-KY-IN",1,178,"Cincinnati-Wilmington-Maysville, OH-KY-IN",N,N,3902,39028,39008,2021-2022,39061009700,12047,13492,7985,4403,163,69,0,346,526,47668,,197,172,88,58,23,184,169,5797,0.326341535724874
578,6346,Hamilton County,-84.510161,39.23739,15438,1055241,JOHN PAUL II CATHOLIC SCHOOL,9375 WINTON RD,CINCINNATI,OH,45231,39,39061,Hamilton County,21,39.23739,-84.510161,17140,"Cincinnati, OH-KY-IN",1,178,"Cincinnati-Wilmington-Maysville, OH-KY-IN",N,N,3902,39033,39009,2021-2022,39061027700,12047,13492,7985,4403,163,69,0,346,526,47668,,197,172,88,58,23,184,169,5797,0.326341535724874
579,6347,Hamilton County,-84.450281,39.19337,15507,A1903410,ATARA GIRLS HIGH SCHOOL,6701 ELBROOK AVE,CINCINNATI,OH,45237,39,39061,Hamilton County,21,39.19337,-84.450281,17140,"Cincinnati, OH-KY-IN",1,178,"Cincinnati-Wilmington-Maysville, OH-KY-IN",N,N,3902,39031,39009,2021-2022,39061022500,12047,13492,7985,4403,163,69,0,346,526,47668,,197,172,88,58,23,184,169,5797,0.326341535724874
581,6349,Hamilton County,-84.405681,39.16441,15517,A9503238,THE CHILDRENS HOME,5050 MADISON RD,CINCINNATI,OH,45227,39,39061,Hamilton County,11,39.16441,-84.405681,17140,"Cincinnati, OH-KY-IN",1,178,"Cincinnati-Wilmington-Maysville, OH-KY-IN",N,N,3902,39031,39009,2021-2022,39061022302,12047,13492,7985,4403,163,69,0,346,526,47668,,197,172,88,58,23,184,169,5797,0.326341535724874
582,6350,Hamilton County,-84.500521,39.16557,15462,1056369,ST CLEMENT ELEMENTARY SCHOOL,4534 VINE ST,SAINT BERNARD,OH,45217,39,39061,Hamilton County,21,39.16557,-84.500521,17140,"Cincinnati, OH-KY-IN",1,178,"Cincinnati-Wilmington-Maysville, OH-KY-IN",N,N,3901,39031,39009,2021-2022,39061009800,12047,13492,7985,4403,163,69,0,346,526,47668,,197,172,88,58,23,184,169,5797,0.326341535724874
583,6351,Hamilton County,-84.469371,39.2268,15489,A0307887,TERRY S MONTESSORI SCHOOL,209 WYOMING AVE,CINCINNATI,OH,45215,39,39061,Hamilton County,21,39.2268,-84.469371,17140,"Cincinnati, OH-KY-IN",1,178,"Cincinnati-Wilmington-Maysville, OH-KY-IN",N,N,3902,39033,39009,2021-2022,39061006400,12047,13492,7985,4403,163,69,0,346,526,47668,,197,172,88,58,23,184,169,5797,0.326341535724874
584,6352,Hamilton County,-84.374531,39.15414,15487,A0108669,THE GOOD SHEPHERD CATHOLIC MONTESSORI,4460 BERWICK ST,CINCINNATI,OH,45227,39,39061,Hamilton County,21,39.15414,-84.374531,17140,"Cincinnati, OH-KY-IN",1,178,"Cincinnati-Wilmington-Maysville, OH-KY-IN",N,N,3902,39031,39009,2021-2022,39061022302,12047,13492,7985,4403,163,69,0,346,526,47668,,197,172,88,58,23,184,169,5797,0.326341535724874
585,6353,Hamilton County,-84.600331,39.20416,15448,1055398,ST JAMES THE GREATER SCHOOL,6111 CHEVIOT RD,CINCINNATI,OH,45247,39,39061,Hamilton County,21,39.20416,-84.600331,17140,"Cincinnati, OH-KY-IN",1,178,"Cincinnati-Wilmington-Maysville, OH-KY-IN",N,N,3901,39030,39008,2021-2022,39061020502,12047,13492,7985,4403,163,69,0,346,526,47668,,197,172,88,58,23,184,169,5797,0.326341535724874
588,6356,Hamilton County,-84.668886,39.145641,15466,1056573,OUR LADY OF THE VISITATION SCHOOL,3180 S RD,CINCINNATI,OH,45248,39,39061,Hamilton County,21,39.145641,-84.668886,17140,"Cincinnati, OH-KY-IN",1,178,"Cincinnati-Wilmington-Maysville, OH-KY-IN",N,N,3901,39030,39008,2021-2022,39061005702,12047,13492,7985,4403,163,69,0,346,526,47668,,197,172,88,58,23,184,169,5797,0.326341535724874
589,6357,Hamilton County,-84.545474,39.165216,15439,1055263,ST BONIFACE SCHOOL,4305 PITTS AVE,CINCINNATI,OH,45223,39,39061,Hamilton County,11,39.165216,-84.545474,17140,"Cincinnati, OH-KY-IN",1,178,"Cincinnati-Wilmington-Maysville, OH-KY-IN",N,N,3901,39032,39009,2021-2022,39061010202,12047,13492,7985,4403,163,69,0,346,526,47668,,197,172,88,58,23,184,169,5797,0.326341535724874
590,6358,Hamilton County,-84.553521,39.20097,15472,1056675,MERCY MCAULEY HIGH SCHOOL,6000 OAKWOOD AVE,CINCINNATI,OH,45224,39,39061,Hamilton County,11,39.20097,-84.553521,17140,"Cincinnati, OH-KY-IN",1,178,"Cincinnati-Wilmington-Maysville, OH-KY-IN",N,N,3901,39032,39009,2021-2022,39061020811,12047,13492,7985,4403,163,69,0,346,526,47668,,197,172,88,58,23,184,169,5797,0.326341535724874
591,6359,Hamilton County,-84.450591,39.19173,15481,1064573,CINCINNATI HEBREW DAY SCHOOL,2222 LOSANTIVILLE AVE,CINCINNATI,OH,45237,39,39061,Hamilton County,21,39.19173,-84.450591,17140,"Cincinnati, OH-KY-IN",1,178,"Cincinnati-Wilmington-Maysville, OH-KY-IN",N,N,3902,39033,39009,2021-2022,39061001800,12047,13492,7985,4403,163,69,0,346,526,47668,,197,172,88,58,23,184,169,5797,0.326341535724874
593,6361,Hamilton County,-84.449282,39.158035,15522,BB170297,IMMACULATE CONCEPTION ACADEMY,4510 FLORAL AVE,CINCINNATI,OH,45212,39,39061,Hamilton County,21,39.158035,-84.449282,17140,"Cincinnati, OH-KY-IN",1,178,"Cincinnati-Wilmington-Maysville, OH-KY-IN",N,N,3902,39031,39009,2021-2022,39061006800,12047,13492,7985,4403,163,69,0,346,526,47668,,197,172,88,58,23,184,169,5797,0.326341535724874
594,6362,Hamilton County,-84.396691,39.21058,15520,AA000746,LINDEN GROVE SCHOOL,4122 MYRTLE AVE,CINCINNATI,OH,45236,39,39061,Hamilton County,21,39.21058,-84.396691,17140,"Cincinnati, OH-KY-IN",1,178,"Cincinnati-Wilmington-Maysville, OH-KY-IN",N,N,3902,39028,39008,2021-2022,39061021001,12047,13492,7985,4403,163,69,0,346,526,47668,,197,172,88,58,23,184,169,5797,0.326341535724874
595,6363,Hamilton County,-84.513551,39.12845,15476,1056777,CORRYVILLE CATHOLIC ELEMENTARY SCHOOL,108 CALHOUN ST,CINCINNATI,OH,45219,39,39061,Hamilton County,11,39.12845,-84.513551,17140,"Cincinnati, OH-KY-IN",1,178,"Cincinnati-Wilmington-Maysville, OH-KY-IN",N,N,3901,39031,39009,2021-2022,39061004703,12047,13492,7985,4403,163,69,0,346,526,47668,,197,172,88,58,23,184,169,5797,0.326341535724874
596,6364,Hamilton County,-84.487451,39.15663,15516,A9105220,THE NEW SCHOOL MONTESSORI,3 BURTON WOODS LN,CINCINNATI,OH,45229,39,39061,Hamilton County,11,39.15663,-84.487451,17140,"Cincinnati, OH-KY-IN",1,178,"Cincinnati-Wilmington-Maysville, OH-KY-IN",N,N,3901,39033,39009,2021-2022,39061024322,12047,13492,7985,4403,163,69,0,346,526,47668,,197,172,88,58,23,184,169,5797,0.326341535724874
597,6365,Hamilton County,-84.429621,39.22065,15469,1056631,MOUNT NOTRE DAME HIGH SCHOOL,711 E COLUMBIA AVE,CINCINNATI,OH,45215,39,39061,Hamilton County,21,39.22065,-84.429621,17140,"Cincinnati, OH-KY-IN",1,178,"Cincinnati-Wilmington-Maysville, OH-KY-IN",N,N,3902,39028,39008,2021-2022,39061024002,12047,13492,7985,4403,163,69,0,346,526,47668,,197,172,88,58,23,184,169,5797,0.326341535724874
600,6368,Hamilton County,-84.586321,39.10814,15457,1055638,ST WILLIAM SCHOOL,4125 SAINT WILLIAMS AVE,CINCINNATI,OH,45205,39,39061,Hamilton County,11,39.10814,-84.586321,17140,"Cincinnati, OH-KY-IN",1,178,"Cincinnati-Wilmington-Maysville, OH-KY-IN",N,N,3901,39030,39008,2021-2022,39061004900,12047,13492,7985,4403,163,69,0,346,526,47668,,197,172,88,58,23,184,169,5797,0.326341535724874
605,6373,Hamilton County,-84.586692,39.189176,15474,1056711,LA SALLE HIGH SCHOOL,3091 N BEND RD,CINCINNATI,OH,45239,39,39061,Hamilton County,21,39.189176,-84.586692,17140,"Cincinnati, OH-KY-IN",1,178,"Cincinnati-Wilmington-Maysville, OH-KY-IN",N,N,3901,39030,39008,2021-2022,39061009300,12047,13492,7985,4403,163,69,0,346,526,47668,,197,172,88,58,23,184,169,5797,0.326341535724874
606,6374,Hamilton County,-84.357331,39.22072,15470,1056653,ARCH BISHOP MOELLER HIGH SCHOOL,9001 MONTGOMERY RD,CINCINNATI,OH,45242,39,39061,Hamilton County,21,39.22072,-84.357331,17140,"Cincinnati, OH-KY-IN",1,178,"Cincinnati-Wilmington-Maysville, OH-KY-IN",N,N,3902,39028,39008,2021-2022,39061004602,12047,13492,7985,4403,163,69,0,346,526,47668,,197,172,88,58,23,184,169,5797,0.326341535724874
607,6375,Hamilton County,-84.505491,39.1158,15480,1064449,ALDERSGATE CHRISTIAN ACADEMY,521 CHANNING ST,CINCINNATI,OH,45202,39,39061,Hamilton County,11,39.1158,-84.505491,17140,"Cincinnati, OH-KY-IN",1,178,"Cincinnati-Wilmington-Maysville, OH-KY-IN",N,N,3901,39032,39009,2021-2022,39061023400,12047,13492,7985,4403,163,69,0,346,526,47668,,197,172,88,58,23,184,169,5797,0.326341535724874
609,6377,Hamilton County,-84.402741,39.16402,15483,1065012,THE SEVEN HILLS SCHOOL,5400 RED BANK RD,CINCINNATI,OH,45227,39,39061,Hamilton County,11,39.16402,-84.402741,17140,"Cincinnati, OH-KY-IN",1,178,"Cincinnati-Wilmington-Maysville, OH-KY-IN",N,N,3902,39031,39009,2021-2022,39061007000,12047,13492,7985,4403,163,69,0,346,526,47668,,197,172,88,58,23,184,169,5797,0.326341535724874
610,6378,Hamilton County,-84.461431,39.12383,15524,K9304413,MONTESSORI CENTER ROOM,2505 RIVERSIDE DR,CINCINNATI,OH,45202,39,39061,Hamilton County,11,39.12383,-84.461431,17140,"Cincinnati, OH-KY-IN",1,178,"Cincinnati-Wilmington-Maysville, OH-KY-IN",N,N,3902,39027,39007,2021-2022,39061026600,12047,13492,7985,4403,163,69,0,346,526,47668,,197,172,88,58,23,184,169,5797,0.326341535724874
611,6379,Hamilton County,-84.535885,39.146326,15505,A1792070,DEPAUL CRISTO REY HIGH SCHOOL,1133 CLIFTON HILLS AVE,CINCINNATI,OH,45220,39,39061,Hamilton County,11,39.146326,-84.535885,17140,"Cincinnati, OH-KY-IN",1,178,"Cincinnati-Wilmington-Maysville, OH-KY-IN",N,N,3901,39031,39009,2021-2022,39061023702,12047,13492,7985,4403,163,69,0,346,526,47668,,197,172,88,58,23,184,169,5797,0.326341535724874
613,6381,Hamilton County,-84.425081,39.11904,15454,1055591,ST URSULA VILLA SCHOOL,3660 VINEYARD PL,CINCINNATI,OH,45226,39,39061,Hamilton County,11,39.11904,-84.425081,17140,"Cincinnati, OH-KY-IN",1,178,"Cincinnati-Wilmington-Maysville, OH-KY-IN",N,N,3902,39027,39007,2021-2022,39061004703,12047,13492,7985,4403,163,69,0,346,526,47668,,197,172,88,58,23,184,169,5797,0.326341535724874
615,6383,Hamilton County,-84.617982,39.137679,15515,A2193109,OUR LADY OF LOURDES,3450 LUMARDO AVE,CINCINNATI,OH,45238,39,39061,Hamilton County,11,39.137679,-84.617982,17140,"Cincinnati, OH-KY-IN",1,178,"Cincinnati-Wilmington-Maysville, OH-KY-IN",N,N,3901,39032,39009,2021-2022,39061005500,12047,13492,7985,4403,163,69,0,346,526,47668,,197,172,88,58,23,184,169,5797,0.326341535724874
616,6384,Hamilton County,-84.444599,39.255898,15485,1607873,ST RITA SCHOOL FOR THE DEAF,1720 GLENDALE MILFORD RD,CINCINNATI,OH,45215,39,39061,Hamilton County,21,39.255898,-84.444599,17140,"Cincinnati, OH-KY-IN",1,178,"Cincinnati-Wilmington-Maysville, OH-KY-IN",N,N,3901,39028,39008,2021-2022,39061020504,12047,13492,7985,4403,163,69,0,346,526,47668,,197,172,88,58,23,184,169,5797,0.326341535724874
617,6385,Hamilton County,-84.517211,39.15306,15484,1065238,CLIFTON CHRISTIAN ACADEMY,3798 CLIFTON AVE,CINCINNATI,OH,45220,39,39061,Hamilton County,11,39.15306,-84.517211,17140,"Cincinnati, OH-KY-IN",1,178,"Cincinnati-Wilmington-Maysville, OH-KY-IN",N,N,3901,39031,39009,2021-2022,39061023100,12047,13492,7985,4403,163,69,0,346,526,47668,,197,172,88,58,23,184,169,5797,0.326341535724874
619,6387,Hamilton County,-84.579231,39.12144,15463,1056518,RESURRECTION SCHOOL,1740 ILIFF AVE,CINCINNATI,OH,45205,39,39061,Hamilton County,11,39.12144,-84.579231,17140,"Cincinnati, OH-KY-IN",1,178,"Cincinnati-Wilmington-Maysville, OH-KY-IN",N,N,3901,39032,39009,2021-2022,39061004100,12047,13492,7985,4403,163,69,0,346,526,47668,,197,172,88,58,23,184,169,5797,0.326341535724874
620,6388,Hamilton County,-84.363981,39.20948,15479,1063875,ROCKWERN ACADEMY,8401 MONTGOMERY RD,CINCINNATI,OH,45236,39,39061,Hamilton County,21,39.20948,-84.363981,17140,"Cincinnati, OH-KY-IN",1,178,"Cincinnati-Wilmington-Maysville, OH-KY-IN",N,N,3902,39028,39008,2021-2022,39061022200,12047,13492,7985,4403,163,69,0,346,526,47668,,197,172,88,58,23,184,169,5797,0.326341535724874
623,6391,Hamilton County,-84.613401,39.15428,15452,1055503,ST MARTIN OF TOURS ELEMENTARY SCHOOL,3729 HARDING AVE,CINCINNATI,OH,45211,39,39061,Hamilton County,21,39.15428,-84.613401,17140,"Cincinnati, OH-KY-IN",1,178,"Cincinnati-Wilmington-Maysville, OH-KY-IN",N,N,3901,39030,39008,2021-2022,39061022200,12047,13492,7985,4403,163,69,0,346,526,47668,,197,172,88,58,23,184,169,5797,0.326341535724874
629,6397,Hamilton County,-84.515601,39.11299,15444,1055354,ST FRANCIS SERAPH SCHOOL,14 E LIBERTY ST,CINCINNATI,OH,45202,39,39061,Hamilton County,11,39.11299,-84.515601,17140,"Cincinnati, OH-KY-IN",1,178,"Cincinnati-Wilmington-Maysville, OH-KY-IN",N,N,3901,39032,39009,2021-2022,39061022400,12047,13492,7985,4403,163,69,0,346,526,47668,,197,172,88,58,23,184,169,5797,0.326341535724874
630,6398,Hamilton County,-84.519211,39.21262,15482,1064777,CENTRAL BAPTIST ACADEMY,7645 WINTON RD,CINCINNATI,OH,45224,39,39061,Hamilton County,21,39.21262,-84.519211,17140,"Cincinnati, OH-KY-IN",1,178,"Cincinnati-Wilmington-Maysville, OH-KY-IN",N,N,3902,39033,39009,2021-2022,39061005500,12047,13492,7985,4403,163,69,0,346,526,47668,,197,172,88,58,23,184,169,5797,0.326341535724874
634,6402,Hamilton County,-84.517911,39.21174,15456,1055627,ST VIVIAN SCHOOL,885 DENIER PL,CINCINNATI,OH,45224,39,39061,Hamilton County,21,39.21174,-84.517911,17140,"Cincinnati, OH-KY-IN",1,178,"Cincinnati-Wilmington-Maysville, OH-KY-IN",N,N,3902,39033,39009,2021-2022,39061024001,12047,13492,7985,4403,163,69,0,346,526,47668,,197,172,88,58,23,184,169,5797,0.326341535724874
635,6403,Hamilton County,-84.777121,39.23575,15521,BB170294,COUNTRY HILLS MONTESSORI,10111 SIMONSON RD,HARRISON,OH,45030,39,39061,Hamilton County,31,39.23575,-84.777121,17140,"Cincinnati, OH-KY-IN",1,178,"Cincinnati-Wilmington-Maysville, OH-KY-IN",N,N,3901,39029,39008,2021-2022,39061025401,12047,13492,7985,4403,163,69,0,346,526,47668,,197,172,88,58,23,184,169,5797,0.326341535724874
639,6407,Hamilton County,-84.554771,39.2615,15525,K9304419,CENTRAL MONTESSORI ACADEMY,1904 SPRINGDALE RD,CINCINNATI,OH,45231,39,39061,Hamilton County,21,39.2615,-84.554771,17140,"Cincinnati, OH-KY-IN",1,178,"Cincinnati-Wilmington-Maysville, OH-KY-IN",N,N,3902,39033,39009,2021-2022,39061005800,12047,13492,7985,4403,163,69,0,346,526,47668,,197,172,88,58,23,184,169,5797,0.326341535724874
645,6413,Hamilton County,-84.572771,39.11209,15451,1055456,ST LAWRENCE ELEMENTARY SCHOOL,1020 CARSON AVE,CINCINNATI,OH,45205,39,39061,Hamilton County,11,39.11209,-84.572771,17140,"Cincinnati, OH-KY-IN",1,178,"Cincinnati-Wilmington-Maysville, OH-KY-IN",N,N,3901,39029,39008,2021-2022,39061020902,12047,13492,7985,4403,163,69,0,346,526,47668,,197,172,88,58,23,184,169,5797,0.326341535724874
647,6415,Hamilton County,-84.458781,39.13027,15458,1055671,THE SUMMIT COUNTRY DAY SCHOOL,2161 GRANDIN RD,CINCINNATI,OH,45208,39,39061,Hamilton County,11,39.13027,-84.458781,17140,"Cincinnati, OH-KY-IN",1,178,"Cincinnati-Wilmington-Maysville, OH-KY-IN",N,N,3902,39027,39007,2021-2022,39061023521,12047,13492,7985,4403,163,69,0,346,526,47668,,197,172,88,58,23,184,169,5797,0.326341535724874
648,6416,Hamilton County,-84.340201,39.26518,15519,A9903482,THE SCHILLING SCHOOL FOR GIFTED CHILDREN,8100 CORNELL RD,CINCINNATI,OH,45249,39,39061,Hamilton County,21,39.26518,-84.340201,17140,"Cincinnati, OH-KY-IN",1,178,"Cincinnati-Wilmington-Maysville, OH-KY-IN",N,N,3901,39028,39008,2021-2022,39061023600,12047,13492,7985,4403,163,69,0,346,526,47668,,197,172,88,58,23,184,169,5797,0.326341535724874
653,6421,Hamilton County,-84.3249,39.2283,15518,A9503288,SPRINGS EAST MONTESSORI SCHOOL,9429 LOVELAND MADEIRA RD,CINCINNATI,OH,45242,39,39061,Hamilton County,21,39.2283,-84.3249,17140,"Cincinnati, OH-KY-IN",1,178,"Cincinnati-Wilmington-Maysville, OH-KY-IN",N,N,3901,39027,39007,2021-2022,39061026102,12047,13492,7985,4403,163,69,0,346,526,47668,,197,172,88,58,23,184,169,5797,0.326341535724874
656,6424,Hamilton County,-84.485041,39.1527,15523,BB170309,ZION TEMPLE CHRISTIAN ACADEMY,3771 READING RD,CINCINNATI,OH,45229,39,39061,Hamilton County,11,39.1527,-84.485041,17140,"Cincinnati, OH-KY-IN",1,178,"Cincinnati-Wilmington-Maysville, OH-KY-IN",N,N,3901,39033,39009,2021-2022,39061021509,12047,13492,7985,4403,163,69,0,346,526,47668,,197,172,88,58,23,184,169,5797,0.326341535724874
661,6498,Hardin County,-83.445371,40.55395,15530,A1302369,LEAFY OAK SCHOOL,18843 COUNTY ROAD 245,LA RUE,OH,43332,39,39065,Hardin County,42,40.55395,-83.445371,N,N,N,N,N,N,N,3905,39083,39001,2021-2022,39065000700,47071,26824,25027,909,73,23,0,21,771,46902,,214,153,56,30,25,36,286,3137,0.03388756337608112
662,6499,Hardin County,-83.591213,40.57415,15532,A1302449,PAROCHIAL #1,16843 STATE ROUTE 292,KENTON,OH,43326,39,39065,Hardin County,42,40.57415,-83.591213,N,N,N,N,N,N,N,3905,39083,39001,2021-2022,39065000700,47071,26824,25027,909,73,23,0,21,771,46902,,214,153,56,30,25,36,286,3137,0.03388756337608112
663,6500,Hardin County,-83.476685,40.600405,15535,A1302548,TIMBERVIEW,15797 TWP # 235,MT. VICTORY,OH,43340,39,39065,Hardin County,42,40.600405,-83.476685,N,N,N,N,N,N,N,3905,39083,39001,2021-2022,39065000700,47071,26824,25027,909,73,23,0,21,771,46902,,214,153,56,30,25,36,286,3137,0.03388756337608112
664,6501,Hardin County,-83.596221,40.54011,15531,A1302374,LITTLE ACORN SCHOOL,15150 TWP RD 206,RIDGEWAY,OH,43345,39,39065,Hardin County,42,40.54011,-83.596221,N,N,N,N,N,N,N,3905,39083,39001,2021-2022,39065000700,47071,26824,25027,909,73,23,0,21,771,46902,,214,153,56,30,25,36,286,3137,0.03388756337608112
666,6503,Hardin County,-83.528267,40.619005,15533,A1302450,PAROCHIAL #2,13884 TOWNSHIP RD 199,KENTON,OH,43326,39,39065,Hardin County,42,40.619005,-83.528267,N,N,N,N,N,N,N,3905,39083,39001,2021-2022,39065000700,47071,26824,25027,909,73,23,0,21,771,46902,,214,153,56,30,25,36,286,3137,0.03388756337608112
670,6507,Hardin County,-83.618613,40.656159,15538,A2103001,SIMON KENTON SCHOOL/HARDIN COUNTY BRD OF DD,705 N IDA ST,KENTON,OH,43326,39,39065,Hardin County,32,40.656159,-83.618613,N,N,N,N,N,N,N,3905,39083,39001,2021-2022,39065000200,47071,26824,25027,909,73,23,0,21,771,46902,,214,153,56,30,25,36,286,3137,0.03388756337608112
697,7079,Holmes County,-81.732381,40.61924,15564,A1302308,EAST FAIRVIEW SCHOOL,3177 COUNTY ROAD 160,MILLERSBURG,OH,44654,39,39075,Holmes County,42,40.61924,-81.732381,N,N,N,N,N,N,N,3907,39098,39031,2021-2022,39075976302,12059,19529,16816,1283,122,127,48,322,811,46063,,167,121,107,82,46,150,264,3868,0.06569716831378974
698,7080,Holmes County,-81.866851,40.46037,15556,A1302278,CLARK VALLEY,6621 COUNTY ROAD 59,MILLERSBURG,OH,44654,39,39075,Holmes County,42,40.46037,-81.866851,N,N,N,N,N,N,N,3907,39098,39031,2021-2022,39075976802,12059,19529,16816,1283,122,127,48,322,811,46063,,167,121,107,82,46,150,264,3868,0.06569716831378974
699,7081,Holmes County,-81.832192,40.515771,15604,A1302530,STONEY MEADOW C/O MARION TROYER,5765 TR #127,MILLERSBURG,OH,44654,39,39075,Holmes County,42,40.515771,-81.832192,N,N,N,N,N,N,N,3907,39098,39031,2021-2022,39075976402,12059,19529,16816,1283,122,127,48,322,811,46063,,167,121,107,82,46,150,264,3868,0.06569716831378974
700,7082,Holmes County,-81.852187,40.63304,15603,A1302509,SPRINGWOOD SCHOOL C/O JONAS,8089 TR #604,MILLERSBURG,OH,44654,39,39075,Holmes County,42,40.63304,-81.852187,N,N,N,N,N,N,N,3907,39098,39031,2021-2022,39075976401,12059,19529,16816,1283,122,127,48,322,811,46063,,167,121,107,82,46,150,264,3868,0.06569716831378974
701,7083,Holmes County,-81.663277,40.63905,15566,A1302313,EAST VALLEY,1245 TR 660,DUNDEE,OH,44624,39,39075,Holmes County,42,40.63905,-81.663277,N,N,N,N,N,N,N,3907,39098,39031,2021-2022,39075976802,12059,19529,16816,1283,122,127,48,322,811,46063,,167,121,107,82,46,150,264,3868,0.06569716831378974
702,7084,Holmes County,-81.794108,40.48628,15557,A1302279,CLEAR SPRINGS,2792 TR # 151,MILLERSBURG,OH,44654,39,39075,Holmes County,42,40.48628,-81.794108,N,N,N,N,N,N,N,3907,39098,39031,2021-2022,39075976802,12059,19529,16816,1283,122,127,48,322,811,46063,,167,121,107,82,46,150,264,3868,0.06569716831378974
703,7085,Holmes County,-81.74095,40.577955,15618,A1302564,WEAVERS,3212 T.R. 412,MILLERSBURG,OH,44654,39,39075,Holmes County,42,40.577955,-81.74095,N,N,N,N,N,N,N,3907,39098,39031,2021-2022,39075976401,12059,19529,16816,1283,122,127,48,322,811,46063,,167,121,107,82,46,150,264,3868,0.06569716831378974
704,7086,Holmes County,-81.784441,40.65045,15638,A1903423,EAST SALT CREEK,8771 COUNTY ROAD 77,FREDERICKSBURG,OH,44627,39,39075,Holmes County,42,40.65045,-81.784441,N,N,N,N,N,N,N,3907,39098,39031,2021-2022,39075976801,12059,19529,16816,1283,122,127,48,322,811,46063,,167,121,107,82,46,150,264,3868,0.06569716831378974
705,7087,Holmes County,-81.904503,40.599693,15559,A1302289,COUNTRY LANE,6840 TR #568,HOLMESVILLE,OH,44633,39,39075,Holmes County,41,40.599693,-81.904503,N,N,N,N,N,N,N,3907,39070,39022,2021-2022,39075976402,12059,19529,16816,1283,122,127,48,322,811,46063,,167,121,107,82,46,150,264,3868,0.06569716831378974
706,7088,Holmes County,-81.781007,40.497353,15555,A1302270,CHARM VIEW,3218 COUNTY ROAD 600,MILLERSBURG,OH,44654,39,39075,Holmes County,42,40.497353,-81.781007,N,N,N,N,N,N,N,3907,39098,39031,2021-2022,39075976801,12059,19529,16816,1283,122,127,48,322,811,46063,,167,121,107,82,46,150,264,3868,0.06569716831378974
707,7089,Holmes County,-81.817307,40.522623,15634,A1702884,RAINBOW VALLEY,5353 TR #355,MILLERSBURG,OH,44654,39,39075,Holmes County,42,40.522623,-81.817307,N,N,N,N,N,N,N,3907,39098,39031,2021-2022,39075976401,12059,19529,16816,1283,122,127,48,322,811,46063,,167,121,107,82,46,150,264,3868,0.06569716831378974
708,7090,Holmes County,-81.729529,40.489221,15553,A1302263,BUCKEYE SCHOOL,2969 TOWNSHIP RD 163,BALTIC,OH,43804,39,39075,Holmes County,42,40.489221,-81.729529,N,N,N,N,N,N,N,3907,39098,39031,2021-2022,39075976801,12059,19529,16816,1283,122,127,48,322,811,46063,,167,121,107,82,46,150,264,3868,0.06569716831378974
709,7091,Holmes County,-81.695546,40.571762,15632,A1702854,HICKORY HOLLOW,6000 TOWNSHIP RD 419,MILLERSBURG,OH,44654,39,39075,Holmes County,42,40.571762,-81.695546,N,N,N,N,N,N,N,3907,39098,39031,2021-2022,39075976401,12059,19529,16816,1283,122,127,48,322,811,46063,,167,121,107,82,46,150,264,3868,0.06569716831378974
710,7092,Holmes County,-81.671546,40.65357,15619,A1302565,WEST BEIDLER SCHOOL,1515 COUNTY ROAD 200,DUNDEE,OH,44624,39,39075,Holmes County,41,40.65357,-81.671546,N,N,N,N,N,N,N,3907,39098,39031,2021-2022,39075976302,12059,19529,16816,1283,122,127,48,322,811,46063,,167,121,107,82,46,150,264,3868,0.06569716831378974
711,7093,Holmes County,-81.702785,40.585558,15628,A1503033,TRAIL VIEW SCHOOLS,2280 TR 415,DUNDEE,OH,44624,39,39075,Holmes County,42,40.585558,-81.702785,N,N,N,N,N,N,N,3907,39098,39031,2021-2022,39075976301,12059,19529,16816,1283,122,127,48,322,811,46063,,167,121,107,82,46,150,264,3868,0.06569716831378974
713,7095,Holmes County,-81.868809,40.472056,15616,A1302559,WALNUT GROVE SCHOOL C/O DAVID L. TROYER,6745 TR 113,MILLERSBURG,OH,44654,39,39075,Holmes County,42,40.472056,-81.868809,N,N,N,N,N,N,N,3907,39098,39031,2021-2022,39075976403,12059,19529,16816,1283,122,127,48,322,811,46063,,167,121,107,82,46,150,264,3868,0.06569716831378974
714,7096,Holmes County,-81.849231,40.59968,15546,A1140019,GOSPEL HAVEN ACADEMY,6871 STATE ROUTE 241,MILLERSBURG,OH,44654,39,39075,Holmes County,42,40.59968,-81.849231,N,N,N,N,N,N,N,3907,39098,39031,2021-2022,39075976302,12059,19529,16816,1283,122,127,48,322,811,46063,,167,121,107,82,46,150,264,3868,0.06569716831378974
715,7097,Holmes County,-81.699571,40.540947,15617,A1302562,WALNUT VALLEY,4900 T.R. 420,SUGARCREEK,OH,44681,39,39075,Holmes County,42,40.540947,-81.699571,N,N,N,N,N,N,N,3907,39098,39031,2021-2022,39075976302,12059,19529,16816,1283,122,127,48,322,811,46063,,167,121,107,82,46,150,264,3868,0.06569716831378974
716,7098,Holmes County,-82.406211,39.53223,15545,A9702668,LOGAN CHRISTIAN SCHOOL,650 WALHONDING AVE,LOGAN,OH,43138,39,39073,Hocking County,32,39.53223,-82.406211,18140,"Columbus, OH",1,198,"Columbus-Marion-Zanesville, OH",N,N,3915,39078,39020,2021-2022,39075976401,12059,19529,16816,1283,122,127,48,322,811,46063,,167,121,107,82,46,150,264,3868,0.06569716831378974
717,7099,Holmes County,-81.789966,40.582358,15565,A1302311,EAST PLAINS C/O NAOMI TROYER,6302 TR #363,MILLERSBURG,OH,44654,39,39075,Holmes County,42,40.582358,-81.789966,N,N,N,N,N,N,N,3907,39098,39031,2021-2022,39075976302,12059,19529,16816,1283,122,127,48,322,811,46063,,167,121,107,82,46,150,264,3868,0.06569716831378974
718,7100,Holmes County,-81.769783,40.494963,15607,A1302540,SUNNY MEADOWS,3990 SR 557,BALTIC,OH,43804,39,39075,Holmes County,42,40.494963,-81.769783,N,N,N,N,N,N,N,3907,39098,39031,2021-2022,39075976401,12059,19529,16816,1283,122,127,48,322,811,46063,,167,121,107,82,46,150,264,3868,0.06569716831378974
719,7101,Holmes County,-82.081521,40.6347,15606,A1302537,SUNNY ACRES,7895 COUNTY ROAD 373,BIG PRARIE,OH,44611,39,39075,Holmes County,42,40.6347,-82.081521,N,N,N,N,N,N,N,3907,39070,39022,2021-2022,39075976402,12059,19529,16816,1283,122,127,48,322,811,46063,,167,121,107,82,46,150,264,3868,0.06569716831378974
720,7102,Holmes County,-81.763708,40.637539,15600,A1302498,C/O BETTY MILLER,8310 TR 652,MILLERSBURG,OH,44654,39,39075,Holmes County,42,40.637539,-81.763708,N,N,N,N,N,N,N,3907,39098,39031,2021-2022,39075976401,12059,19529,16816,1283,122,127,48,322,811,46063,,167,121,107,82,46,150,264,3868,0.06569716831378974
721,7103,Holmes County,-81.99529,40.630301,15597,A1302489,SHADY GROVE,10395 COUNTY ROAD 329,HOLMESVILLE,OH,44633,39,39075,Holmes County,42,40.630301,-81.99529,N,N,N,N,N,N,N,3907,39070,39022,2021-2022,39075976302,12059,19529,16816,1283,122,127,48,322,811,46063,,167,121,107,82,46,150,264,3868,0.06569716831378974
722,7104,Holmes County,-81.781642,40.46981,15629,A1503051,WHISPERING PINES SCHOOL,4290 TOWNSHIP RD,BALTIC,OH,43804,39,39075,Holmes County,42,40.46981,-81.781642,N,N,N,N,N,N,N,3907,39098,39031,2021-2022,39075976302,12059,19529,16816,1283,122,127,48,322,811,46063,,167,121,107,82,46,150,264,3868,0.06569716831378974
723,7105,Holmes County,-81.801436,40.53588,15592,A1302466,POSSUM VALLEY,5000 TR 367,MILLERSBURG,OH,44654,39,39075,Holmes County,42,40.53588,-81.801436,N,N,N,N,N,N,N,3907,39098,39031,2021-2022,39075976802,12059,19529,16816,1283,122,127,48,322,811,46063,,167,121,107,82,46,150,264,3868,0.06569716831378974
724,7106,Holmes County,-81.975827,40.628531,15590,A1302451,PENIEL CHRISTIAN,9915 COUNTY ROAD 329,HOLMESVILLE,OH,44633,39,39075,Holmes County,42,40.628531,-81.975827,N,N,N,N,N,N,N,3907,39070,39022,2021-2022,39075976301,12059,19529,16816,1283,122,127,48,322,811,46063,,167,121,107,82,46,150,264,3868,0.06569716831378974
725,7107,Holmes County,-81.904326,40.652301,15584,A1302389,MAPLE SPRINGS SCHOOL,7848 TR # 565,HOLMESVILLE,OH,44633,39,39075,Holmes County,42,40.652301,-81.904326,N,N,N,N,N,N,N,3907,39070,39022,2021-2022,39075976403,12059,19529,16816,1283,122,127,48,322,811,46063,,167,121,107,82,46,150,264,3868,0.06569716831378974
726,7108,Holmes County,-82.014016,40.640575,15583,A1302379,LONE PINE,8180 TR # 527,SHREVE,OH,44676,39,39075,Holmes County,42,40.640575,-82.014016,N,N,N,N,N,N,N,3907,39070,39022,2021-2022,39075976403,12059,19529,16816,1283,122,127,48,322,811,46063,,167,121,107,82,46,150,264,3868,0.06569716831378974
727,7109,Holmes County,-82.101384,40.635541,15579,A1302366,LAKEVILLE PAROCHIAL,7897 TR #508,LAKEVILLE,OH,44638,39,39075,Holmes County,42,40.635541,-82.101384,N,N,N,N,N,N,N,3907,39070,39022,2021-2022,39075976401,12059,19529,16816,1283,122,127,48,322,811,46063,,167,121,107,82,46,150,264,3868,0.06569716831378974
728,7110,Holmes County,-81.832241,40.47812,15562,A1302306,DOUGHTY VIEW C/O FREDA YODER,6244 COUNTY ROAD 19,MILLERSBURG,OH,44654,39,39075,Holmes County,42,40.47812,-81.832241,N,N,N,N,N,N,N,3907,39098,39031,2021-2022,39075976802,12059,19529,16816,1283,122,127,48,322,811,46063,,167,121,107,82,46,150,264,3868,0.06569716831378974
729,7111,Holmes County,-81.849135,40.490995,15567,A1302314,ECHO VALLEY SCHOOL,2917 TR 110,MILLERSBURG,OH,44654,39,39075,Holmes County,42,40.490995,-81.849135,N,N,N,N,N,N,N,3907,39098,39031,2021-2022,39075976302,12059,19529,16816,1283,122,127,48,322,811,46063,,167,121,107,82,46,150,264,3868,0.06569716831378974
730,7112,Holmes County,-81.842614,40.664501,15636,A1903421,COUNTY LINE,9247 TR #609,FREDERICKSBURG,OH,44627,39,39075,Holmes County,42,40.664501,-81.842614,N,N,N,N,N,N,N,3907,39098,39031,2021-2022,39075976401,12059,19529,16816,1283,122,127,48,322,811,46063,,167,121,107,82,46,150,264,3868,0.06569716831378974
731,7113,Holmes County,-81.774301,40.563935,15599,A1302497,SOUTH BUNKER HILL SCHOOL,4240 TOWNSHIP RD 366,MILLERSBURG,OH,44654,39,39075,Holmes County,42,40.563935,-81.774301,N,N,N,N,N,N,N,3907,39098,39031,2021-2022,39075976301,12059,19529,16816,1283,122,127,48,322,811,46063,,167,121,107,82,46,150,264,3868,0.06569716831378974
732,7114,Holmes County,-81.861101,40.634449,15601,A1302500,SOUTH LEEPER SCHOOL C/O JOHN PETERSHEIM,8130 TOWNSHIP RD 601,FREDERICKSBURG,OH,44627,39,39075,Holmes County,42,40.634449,-81.861101,N,N,N,N,N,N,N,3907,39098,39031,2021-2022,39075976301,12059,19529,16816,1283,122,127,48,322,811,46063,,167,121,107,82,46,150,264,3868,0.06569716831378974
733,7115,Holmes County,-81.756114,40.446477,15627,A1502983,SHUTT VALLEY,3576 STATE ROUTE 643,BALTIC,OH,43804,39,39075,Holmes County,42,40.446477,-81.756114,N,N,N,N,N,N,N,3907,39098,39031,2021-2022,39075976302,12059,19529,16816,1283,122,127,48,322,811,46063,,167,121,107,82,46,150,264,3868,0.06569716831378974
734,7116,Holmes County,-81.866999,40.459963,15631,A1702845,CLARK VALLEY SCHOOL,6621 TR #59,MILLERSBURG,OH,44654,39,39075,Holmes County,42,40.459963,-81.866999,N,N,N,N,N,N,N,3907,39098,39031,2021-2022,39075976801,12059,19529,16816,1283,122,127,48,322,811,46063,,167,121,107,82,46,150,264,3868,0.06569716831378974
735,7117,Holmes County,-81.780741,40.59335,15589,A1302425,NORTH BUNKER HILL,6716 COUNTY ROAD 77,MILLERSBURG,OH,44654,39,39075,Holmes County,42,40.59335,-81.780741,N,N,N,N,N,N,N,3907,39098,39031,2021-2022,39075976402,12059,19529,16816,1283,122,127,48,322,811,46063,,167,121,107,82,46,150,264,3868,0.06569716831378974
736,7118,Holmes County,-81.960972,40.62903,15560,A1302304,DIAMOND VIEW,7822 TR # 323,HOLMESVILLE,OH,44633,39,39075,Holmes County,42,40.62903,-81.960972,N,N,N,N,N,N,N,3907,39070,39022,2021-2022,39075976301,12059,19529,16816,1283,122,127,48,322,811,46063,,167,121,107,82,46,150,264,3868,0.06569716831378974
737,7119,Holmes County,-82.001283,40.620554,15605,A1302536,SUNRISE VIEW SCHOOL,7471 TR #525,HOLMESVILLE,OH,44654,39,39075,Holmes County,42,40.620554,-82.001283,N,N,N,N,N,N,N,3907,39070,39022,2021-2022,39075976500,12059,19529,16816,1283,122,127,48,322,811,46063,,167,121,107,82,46,150,264,3868,0.06569716831378974
738,7120,Holmes County,-81.839221,40.59996,15623,A1302586,ZION CHRISTIAN,6102 COUNTY ROAD 207,MILLERSBURG,OH,44654,39,39075,Holmes County,42,40.59996,-81.839221,N,N,N,N,N,N,N,3907,39098,39031,2021-2022,39075976403,12059,19529,16816,1283,122,127,48,322,811,46063,,167,121,107,82,46,150,264,3868,0.06569716831378974
739,7121,Holmes County,-81.895729,40.625502,15585,A1302392,MARTINS CREEK,7751 TR 568,HOLMESVILLE,OH,44633,39,39075,Holmes County,42,40.625502,-81.895729,N,N,N,N,N,N,N,3907,39070,39022,2021-2022,39075976802,12059,19529,16816,1283,122,127,48,322,811,46063,,167,121,107,82,46,150,264,3868,0.06569716831378974
740,7122,Holmes County,-81.860949,40.649298,15580,A1302370,LEEPERS SCHOOL C/O ADEN J HERSHBERGER,8662 TR # 601,FREDERICKSBURG,OH,44627,39,39075,Holmes County,42,40.649298,-81.860949,N,N,N,N,N,N,N,3907,39098,39031,2021-2022,39075976500,12059,19529,16816,1283,122,127,48,322,811,46063,,167,121,107,82,46,150,264,3868,0.06569716831378974
741,7123,Holmes County,-81.73776,40.504986,15581,A1302377,LOCUST LANE SCHOOL,3130 TOWNSHIP RD 161,SUGARCREEK,OH,44681,39,39075,Holmes County,42,40.504986,-81.73776,N,N,N,N,N,N,N,3907,39098,39031,2021-2022,39075976801,12059,19529,16816,1283,122,127,48,322,811,46063,,167,121,107,82,46,150,264,3868,0.06569716831378974
742,7124,Holmes County,-81.679098,40.624038,15547,A1302239,ALPINE MEADOW SCHOOL,7925 TR 662,DUNDEE,OH,44624,39,39075,Holmes County,42,40.624038,-81.679098,N,N,N,N,N,N,N,3907,39098,39031,2021-2022,39075976302,12059,19529,16816,1283,122,127,48,322,811,46063,,167,121,107,82,46,150,264,3868,0.06569716831378974
743,7125,Holmes County,-82.057139,40.618344,15637,A1903422,DEER RUN,12135 TR # 506,BIG PRARIE,OH,44611,39,39075,Holmes County,42,40.618344,-82.057139,N,N,N,N,N,N,N,3907,39070,39022,2021-2022,39075976500,12059,19529,16816,1283,122,127,48,322,811,46063,,167,121,107,82,46,150,264,3868,0.06569716831378974
744,7126,Holmes County,-81.745264,40.663716,15598,A1302490,SHADY HOLLOW,9322 TR # 656,FREDERICKSBURG,OH,44627,39,39075,Holmes County,42,40.663716,-81.745264,N,N,N,N,N,N,N,3907,39098,39031,2021-2022,39075976301,12059,19529,16816,1283,122,127,48,322,811,46063,,167,121,107,82,46,150,264,3868,0.06569716831378974
745,7127,Holmes County,-81.742561,40.61907,15620,A1302566,WEST FAIRVIEW SCHOOL,3451 COUNTY ROAD 160,MILLERSBURG,OH,44654,39,39075,Holmes County,42,40.61907,-81.742561,N,N,N,N,N,N,N,3907,39098,39031,2021-2022,39075976302,12059,19529,16816,1283,122,127,48,322,811,46063,,167,121,107,82,46,150,264,3868,0.06569716831378974
746,7128,Holmes County,-81.82782,40.463727,15587,A1302412,MULLET RUN,1960 T. R. 116,BALTIC,OH,43804,39,39075,Holmes County,42,40.463727,-81.82782,N,N,N,N,N,N,N,3907,39098,39031,2021-2022,39075976301,12059,19529,16816,1283,122,127,48,322,811,46063,,167,121,107,82,46,150,264,3868,0.06569716831378974
747,7129,Holmes County,-82.142881,40.4919,15550,A1302247,BADDOW PASS,14338 COUNTY ROAD 75,BRINKHAVEN,OH,43006,39,39075,Holmes County,42,40.4919,-82.142881,N,N,N,N,N,N,N,3907,39098,39031,2021-2022,39075976301,12059,19529,16816,1283,122,127,48,322,811,46063,,167,121,107,82,46,150,264,3868,0.06569716831378974
748,7130,Holmes County,-82.611141,41.24457,15647,1061142,NORWALK CATHOLIC SCHOOL,93 E MAIN ST,NORWALK,OH,44857,39,39077,Huron County,32,41.24457,-82.611141,35940,"Norwalk, OH",2,184,"Cleveland-Akron-Canton, OH",N,N,3904,39057,39013,2021-2022,39075976401,12059,19529,16816,1283,122,127,48,322,811,46063,,167,121,107,82,46,150,264,3868,0.06569716831378974
749,7131,Holmes County,-81.78453,40.667691,15641,A1903465,NATURE VIEW,9401 MT HOPE RD,FREDERICKSBURG,OH,44627,39,39075,Holmes County,42,40.667691,-81.78453,N,N,N,N,N,N,N,3907,39098,39031,2021-2022,39075976401,12059,19529,16816,1283,122,127,48,322,811,46063,,167,121,107,82,46,150,264,3868,0.06569716831378974
750,7132,Holmes County,-81.809031,40.599162,15625,A1502845,C/O JONAS YODER,5245 TR #629,MILLERSBURG,OH,44654,39,39075,Holmes County,42,40.599162,-81.809031,N,N,N,N,N,N,N,3907,39098,39031,2021-2022,39075976301,12059,19529,16816,1283,122,127,48,322,811,46063,,167,121,107,82,46,150,264,3868,0.06569716831378974
751,7133,Holmes County,-82.099187,40.623853,15582,A1302378,LOCUST RUN,13238 TR # 473,LAKEVILLE,OH,44638,39,39075,Holmes County,42,40.623853,-82.099187,N,N,N,N,N,N,N,3907,39070,39022,2021-2022,39075976402,12059,19529,16816,1283,122,127,48,322,811,46063,,167,121,107,82,46,150,264,3868,0.06569716831378974
752,7134,Holmes County,-81.709839,40.551773,15570,A1302327,GENZA BOTTOM,2459 TR # 406,SUGARCREEK,OH,44681,39,39075,Holmes County,42,40.551773,-81.709839,N,N,N,N,N,N,N,3907,39098,39031,2021-2022,39075976802,12059,19529,16816,1283,122,127,48,322,811,46063,,167,121,107,82,46,150,264,3868,0.06569716831378974
753,7135,Holmes County,-81.960595,40.640224,15608,A1302541,SUNNY SLOPE C/O LISA YODER,8274 TR 323,HOLMESVILLE,OH,44633,39,39075,Holmes County,42,40.640224,-81.960595,N,N,N,N,N,N,N,3907,39070,39022,2021-2022,39075976801,12059,19529,16816,1283,122,127,48,322,811,46063,,167,121,107,82,46,150,264,3868,0.06569716831378974
754,7136,Holmes County,-81.849918,40.542128,15558,A1302283,CORNERSTONE,6310 TR #310,MILLERSBURG,OH,44654,39,39075,Holmes County,42,40.542128,-81.849918,N,N,N,N,N,N,N,3907,39098,39031,2021-2022,39075976403,12059,19529,16816,1283,122,127,48,322,811,46063,,167,121,107,82,46,150,264,3868,0.06569716831378974
755,7137,Holmes County,-81.805166,40.62433,15621,A1302568,WEST MT. HOPE,7797 STATE ROAD 241,MILLERSBURG,OH,44654,39,39075,Holmes County,42,40.62433,-81.805166,N,N,N,N,N,N,N,3907,39098,39031,2021-2022,39075976801,12059,19529,16816,1283,122,127,48,322,811,46063,,167,121,107,82,46,150,264,3868,0.06569716831378974
756,7138,Holmes County,-81.743516,40.529168,15554,A1302266,CARLISLE VALLEY SCHOOL,3372 TOWNSHIP RD 371,MILLERSBURG,OH,44654,39,39075,Holmes County,42,40.529168,-81.743516,N,N,N,N,N,N,N,3907,39098,39031,2021-2022,39075976802,12059,19529,16816,1283,122,127,48,322,811,46063,,167,121,107,82,46,150,264,3868,0.06569716831378974
757,7139,Holmes County,-81.736631,40.636099,15626,A1502851,ELM RIDGE,8337 TR 654,FREDERICKSBURG,OH,44627,39,39075,Holmes County,42,40.636099,-81.736631,N,N,N,N,N,N,N,3907,39098,39031,2021-2022,39075976801,12059,19529,16816,1283,122,127,48,322,811,46063,,167,121,107,82,46,150,264,3868,0.06569716831378974
758,7140,Holmes County,-81.797036,40.460485,15595,A1302485,SCENIC VALLEY SCHOOL,1860 T. R. 151,BALTIC,OH,43804,39,39075,Holmes County,42,40.460485,-81.797036,N,N,N,N,N,N,N,3907,39098,39031,2021-2022,39075976401,12059,19529,16816,1283,122,127,48,322,811,46063,,167,121,107,82,46,150,264,3868,0.06569716831378974
759,7141,Holmes County,-81.761894,40.595536,15569,A1302320,FOUR CORNERS,6809 TR # 652,MILLERSBURG,OH,44654,39,39075,Holmes County,42,40.595536,-81.761894,N,N,N,N,N,N,N,3907,39098,39031,2021-2022,39075976302,12059,19529,16816,1283,122,127,48,322,811,46063,,167,121,107,82,46,150,264,3868,0.06569716831378974
760,7142,Holmes County,-81.74591,40.649795,15591,A1302460,PLEASANT HILL SCHOOL C/O AARON MAST,8813 TR #656,FREDRICKSBURG,OH,44627,39,39075,Holmes County,42,40.649795,-81.74591,N,N,N,N,N,N,N,3907,39098,39031,2021-2022,39075976301,12059,19529,16816,1283,122,127,48,322,811,46063,,167,121,107,82,46,150,264,3868,0.06569716831378974
761,7143,Holmes County,-81.781041,40.5761,15588,A1302420,NEW BUNKER HILL,6092 COUNTY ROAD 77,MILLERSBURG,OH,44654,39,39075,Holmes County,42,40.5761,-81.781041,N,N,N,N,N,N,N,3907,39098,39031,2021-2022,39075976301,12059,19529,16816,1283,122,127,48,322,811,46063,,167,121,107,82,46,150,264,3868,0.06569716831378974
763,7145,Holmes County,-81.779792,40.457923,15578,A1302362,KNOB VIEW,4171 COUNTY ROAD,BALTIC,OH,43804,39,39075,Holmes County,42,40.457923,-81.779792,N,N,N,N,N,N,N,3907,39098,39031,2021-2022,39075976500,12059,19529,16816,1283,122,127,48,322,811,46063,,167,121,107,82,46,150,264,3868,0.06569716831378974
764,7146,Holmes County,-81.716468,40.640827,15568,A1302319,FOUNTAIN VALLEY,8518 TR 669,DUNDEE,OH,44624,39,39075,Holmes County,42,40.640827,-81.716468,N,N,N,N,N,N,N,3907,39098,39031,2021-2022,39075976301,12059,19529,16816,1283,122,127,48,322,811,46063,,167,121,107,82,46,150,264,3868,0.06569716831378974
765,7147,Holmes County,-81.960401,40.58847,15576,A1302345,HILLSIDE ACRES,5800 COUNTY ROAD 349,MILLERSBURG,OH,44654,39,39075,Holmes County,41,40.58847,-81.960401,N,N,N,N,N,N,N,3907,39070,39022,2021-2022,39075976402,12059,19529,16816,1283,122,127,48,322,811,46063,,167,121,107,82,46,150,264,3868,0.06569716831378974
766,7148,Holmes County,-81.860949,40.649298,15633,A1702865,LEEPERS,8662 TR # 601,FREDERICKSBURG,OH,44627,39,39075,Holmes County,42,40.649298,-81.860949,N,N,N,N,N,N,N,3907,39098,39031,2021-2022,39075976401,12059,19529,16816,1283,122,127,48,322,811,46063,,167,121,107,82,46,150,264,3868,0.06569716831378974
767,7149,Holmes County,-81.764703,40.647627,15563,A1302307,DUBLIN,8714 TR # 652,FREDERICKSBURG,OH,44627,39,39075,Holmes County,42,40.647627,-81.764703,N,N,N,N,N,N,N,3907,39098,39031,2021-2022,39075976301,12059,19529,16816,1283,122,127,48,322,811,46063,,167,121,107,82,46,150,264,3868,0.06569716831378974
768,7150,Holmes County,-81.675549,40.62983,15548,A1302244,APPLE HILL,8164 TR # 662,DUNDEE,OH,44624,39,39075,Holmes County,42,40.62983,-81.675549,N,N,N,N,N,N,N,3907,39098,39031,2021-2022,39075976301,12059,19529,16816,1283,122,127,48,322,811,46063,,167,121,107,82,46,150,264,3868,0.06569716831378974
769,7151,Holmes County,-81.687774,40.469219,15552,A1302262,BRUSH RUN,2310 TR # 173,SUGARCREEK,OH,44681,39,39075,Holmes County,42,40.469219,-81.687774,N,N,N,N,N,N,N,3907,39098,39031,2021-2022,39075976801,12059,19529,16816,1283,122,127,48,322,811,46063,,167,121,107,82,46,150,264,3868,0.06569716831378974
770,7152,Holmes County,-81.832241,40.47812,15561,A1302305,DOUGHTY VALLEY SCHOOL,2460 T. R. 116,BALTIC,OH,43804,39,39075,Holmes County,42,40.47812,-81.832241,N,N,N,N,N,N,N,3907,39098,39031,2021-2022,39075976802,12059,19529,16816,1283,122,127,48,322,811,46063,,167,121,107,82,46,150,264,3868,0.06569716831378974
771,7153,Holmes County,-81.765404,40.660589,15549,A1302245,ASHERY,9135 TR # 652,FREDERICKSBURG,OH,44627,39,39075,Holmes County,42,40.660589,-81.765404,N,N,N,N,N,N,N,3907,39098,39031,2021-2022,39075976600,12059,19529,16816,1283,122,127,48,322,811,46063,,167,121,107,82,46,150,264,3868,0.06569716831378974
772,7154,Holmes County,-81.717762,40.503894,15594,A1302482,SECNIC ACRES SCHOOL,3535 TR 162,SUGARCREEK,OH,44681,39,39075,Holmes County,42,40.503894,-81.717762,N,N,N,N,N,N,N,3907,39098,39031,2021-2022,39075976801,12059,19529,16816,1283,122,127,48,322,811,46063,,167,121,107,82,46,150,264,3868,0.06569716831378974
773,7155,Holmes County,-81.850941,40.57303,15624,A1502809,BUENA VISTA,6381 COUNTY ROAD 203,MILLERSBURG,OH,44654,39,39075,Holmes County,42,40.57303,-81.850941,N,N,N,N,N,N,N,3907,39098,39031,2021-2022,39075976802,12059,19529,16816,1283,122,127,48,322,811,46063,,167,121,107,82,46,150,264,3868,0.06569716831378974
774,7156,Holmes County,-81.744308,40.481228,15622,A1302580,WOODLAND SCHOOL,2645 TOWNSHIP RD 183,BALTIC,OH,43804,39,39075,Holmes County,42,40.481228,-81.744308,N,N,N,N,N,N,N,3907,39098,39031,2021-2022,39075976302,12059,19529,16816,1283,122,127,48,322,811,46063,,167,121,107,82,46,150,264,3868,0.06569716831378974
775,7157,Holmes County,-81.714569,40.611424,15577,A1302348,HONEY RIDGE,7434 TR #666,DUNDEE,OH,44624,39,39075,Holmes County,42,40.611424,-81.714569,N,N,N,N,N,N,N,3907,39098,39031,2021-2022,39075976802,12059,19529,16816,1283,122,127,48,322,811,46063,,167,121,107,82,46,150,264,3868,0.06569716831378974
776,7158,Holmes County,-81.854562,40.52184,15573,A1302337,GYPSY SPRINGS,6408 COUNTY ROAD 68,MILLERSBURG,OH,44654,39,39075,Holmes County,42,40.52184,-81.854562,N,N,N,N,N,N,N,3907,39098,39031,2021-2022,39075976301,12059,19529,16816,1283,122,127,48,322,811,46063,,167,121,107,82,46,150,264,3868,0.06569716831378974
777,7159,Holmes County,-81.708514,40.500192,15613,A1302554,TROYER VALLEY,2311 COUNTY ROAD 70,SUGARCREEK,OH,44681,39,39075,Holmes County,42,40.500192,-81.708514,N,N,N,N,N,N,N,3907,39098,39031,2021-2022,39075976801,12059,19529,16816,1283,122,127,48,322,811,46063,,167,121,107,82,46,150,264,3868,0.06569716831378974
778,7160,Holmes County,-82.076432,40.617149,15574,A1302340,HICKORY RIDGE,12637 TR #506,BIG PRAIRIE,OH,44611,39,39075,Holmes County,42,40.617149,-82.076432,N,N,N,N,N,N,N,3907,39070,39022,2021-2022,39075976301,12059,19529,16816,1283,122,127,48,322,811,46063,,167,121,107,82,46,150,264,3868,0.06569716831378974
779,7161,Holmes County,-81.778807,40.536066,15612,A1302553,TROYER RIDGE,4629 TR # 369,MILLERSBURG,OH,44651,39,39075,Holmes County,42,40.536066,-81.778807,N,N,N,N,N,N,N,3907,39098,39031,2021-2022,39075976801,12059,19529,16816,1283,122,127,48,322,811,46063,,167,121,107,82,46,150,264,3868,0.06569716831378974
780,7162,Holmes County,-81.797176,40.638349,15609,A1302544,SUNSET VIEW C/O MOSE HERSHBERGER,8310 TR 615,FREDRICKSBURG,OH,44627,39,39075,Holmes County,42,40.638349,-81.797176,N,N,N,N,N,N,N,3907,39098,39031,2021-2022,39075976401,12059,19529,16816,1283,122,127,48,322,811,46063,,167,121,107,82,46,150,264,3868,0.06569716831378974
781,7163,Holmes County,-81.756691,40.57061,15593,A1302479,ROLLING RIDGE,3818 COUNTY ROAD 168,MILLERSBURG,OH,44654,39,39075,Holmes County,42,40.57061,-81.756691,N,N,N,N,N,N,N,3907,39098,39031,2021-2022,39075976802,12059,19529,16816,1283,122,127,48,322,811,46063,,167,121,107,82,46,150,264,3868,0.06569716831378974
782,7164,Holmes County,-81.795221,40.58869,15551,A1302255,BLESSING ACRES,4881 COUNTY ROAD 207,MILLERSBURG,OH,44654,39,39075,Holmes County,42,40.58869,-81.795221,N,N,N,N,N,N,N,3907,39098,39031,2021-2022,39075976801,12059,19529,16816,1283,122,127,48,322,811,46063,,167,121,107,82,46,150,264,3868,0.06569716831378974
783,7165,Holmes County,-81.728632,40.550224,15571,A1302330,GOOSE CREEK,2980 TR 406,MILLERSBURG,OH,44654,39,39075,Holmes County,42,40.550224,-81.728632,N,N,N,N,N,N,N,3907,39098,39031,2021-2022,39075976500,12059,19529,16816,1283,122,127,48,322,811,46063,,167,121,107,82,46,150,264,3868,0.06569716831378974
784,7166,Holmes County,-81.686957,40.48501,15614,A1302556,UNION HILL,2895 T. R. 166,SUGARCREEK,OH,44681,39,39075,Holmes County,42,40.48501,-81.686957,N,N,N,N,N,N,N,3907,39098,39031,2021-2022,39075976402,12059,19529,16816,1283,122,127,48,322,811,46063,,167,121,107,82,46,150,264,3868,0.06569716831378974
785,7167,Holmes County,-81.726532,40.48515,15639,A1903426,FARMERSTOWN SCHOOL,2769 STATE ROUTE 557,BALTIC,OH,43804,39,39075,Holmes County,42,40.48515,-81.726532,N,N,N,N,N,N,N,3907,39098,39031,2021-2022,39075976802,12059,19529,16816,1283,122,127,48,322,811,46063,,167,121,107,82,46,150,264,3868,0.06569716831378974
786,7168,Holmes County,-81.751523,40.602542,15575,A1302341,HIDDEN ACRES,7117 TR #654,MILLERSBURG,OH,44654,39,39075,Holmes County,42,40.602542,-81.751523,N,N,N,N,N,N,N,3907,39098,39031,2021-2022,39075976302,12059,19529,16816,1283,122,127,48,322,811,46063,,167,121,107,82,46,150,264,3868,0.06569716831378974
787,7169,Holmes County,-81.825581,40.61506,15640,A1903428,FRYBURG SCHOOL,7471 COUNTY ROAD 201,MILLERSBURG,OH,44654,39,39075,Holmes County,42,40.61506,-81.825581,N,N,N,N,N,N,N,3907,39098,39031,2021-2022,39075976402,12059,19529,16816,1283,122,127,48,322,811,46063,,167,121,107,82,46,150,264,3868,0.06569716831378974
788,7170,Holmes County,-81.728501,40.52508,15611,A1302550,TRI-VALLEY,4290 COUNTY ROAD 114,SUGARCREEK,OH,44681,39,39075,Holmes County,42,40.52508,-81.728501,N,N,N,N,N,N,N,3907,39098,39031,2021-2022,39075976802,12059,19529,16816,1283,122,127,48,322,811,46063,,167,121,107,82,46,150,264,3868,0.06569716831378974
789,7171,Holmes County,-81.844902,40.653453,15610,A1302549,TOWER VIEW,7346 TR 652,FREDERICKSBURG,OH,44627,39,39075,Holmes County,42,40.653453,-81.844902,N,N,N,N,N,N,N,3907,39098,39031,2021-2022,39075976801,12059,19529,16816,1283,122,127,48,322,811,46063,,167,121,107,82,46,150,264,3868,0.06569716831378974
790,7172,Holmes County,-81.760509,40.614583,15572,A1302333,GREEN ACRES,7526 TR # 652,MILLERSBURG,OH,44654,39,39075,Holmes County,42,40.614583,-81.760509,N,N,N,N,N,N,N,3907,39098,39031,2021-2022,39075976302,12059,19529,16816,1283,122,127,48,322,811,46063,,167,121,107,82,46,150,264,3868,0.06569716831378974
862,7502,Jackson County,-82.729881,41.02837,15649,A9105166,CELERYVILLE CHRISTIAN SCHOOL,4200 BROADWAY RD,WILLARD,OH,44890,39,39077,Huron County,41,41.02837,-82.729881,35940,"Norwalk, OH",2,184,"Cleveland-Akron-Canton, OH",N,N,3907,39057,39013,2021-2022,39079957200,17077,53176,39415,7721,68,1935,81,1462,2494,44847,,287,307,73,115,76,322,373,2947,0.1451970813901008
982,10223,Marion County,-80.564816,40.971363,15738,A2103009,THE CHILD CARE AND LEARNING CENTER OF NEW MIDDLETO,10143 MAIN ST,NEW MIDDLETOWN,OH,44442,39,39099,Mahoning County,21,40.971363,-80.564816,49660,"Youngstown-Warren-Boardman, OH-PA",1,566,"Youngstown-Warren, OH-PA",N,N,3906,39059,39033,2021-2022,39101000900,13197,7508,4474,2234,49,108,0,451,192,48836,,117,164,52,134,20,121,116,7714,0.2975492807671817
1046,12970,Ottawa County,-81.802513,40.132647,15801,A1903415,CASTOR RIDGE SCHOOL,CASTOR RD,NEW CONCORD,OH,43762,39,39119,Muskingum County,42,40.132647,-81.802513,49780,"Zanesville, OH",2,198,"Columbus-Marion-Zanesville, OH",N,N,3906,39097,39020,2021-2022,39123050700,40115,30472,19641,356,6011,222,217,871,3154,46186,,101,44,212,43,30,119,237,1099,0.011682856392754003
1051,12975,Ottawa County,-81.970621,39.92714,15800,A1702915,ZANESVILLE CHRISTIAN SCHOOL,2400 CHANDLERSVILLE RD,ZANESVILLE,OH,43701,39,39119,Muskingum County,41,39.92714,-81.970621,49780,"Zanesville, OH",2,198,"Columbus-Marion-Zanesville, OH",N,N,3912,39097,39020,2021-2022,39123050700,40115,30472,19641,356,6011,222,217,871,3154,46186,,101,44,212,43,30,119,237,1099,0.011682856392754003
1053,12977,Ottawa County,-83.163614,41.509832,15804,A1101852,OTTAWA COUNTY CHRISTIAN ACADEMY,325 S TOUSSAINT-PORTAGE RD,OAK HARBOR,OH,43449,39,39123,Ottawa County,41,41.509832,-83.163614,45780,"Toledo, OH",1,534,"Toledo-Findlay-Tiffin, OH",N,N,3905,39089,39002,2021-2022,39123051000,40115,30472,19641,356,6011,222,217,871,3154,46186,,101,44,212,43,30,119,237,1099,0.011682856392754003
1054,12978,Ottawa County,-83.148551,41.51095,15802,1061153,ST BONIFACE ELEMENTARY SCHOOL,215 W OAK ST,OAK HARBOR,OH,43449,39,39123,Ottawa County,32,41.51095,-83.148551,45780,"Toledo, OH",1,534,"Toledo-Findlay-Tiffin, OH",N,N,3905,39089,39002,2021-2022,39123050600,40115,30472,19641,356,6011,222,217,871,3154,46186,,101,44,212,43,30,119,237,1099,0.011682856392754003
1117,15085,Scioto County,-83.092442,41.352669,15837,A2103000,SANDUSKY COUNTY BOARD OF DD - SCHOOL OF HOPE,1001 CASTALIA ST,FREMONT,OH,43420,39,39143,Sandusky County,32,41.352669,-83.092442,23380,"Fremont, OH",2,534,"Toledo-Findlay-Tiffin, OH",N,N,3904,39088,39026,2021-2022,39145003600,39145,73716,68616,2045,179,357,5,252,2262,46360,,285,252,106,48,10,135,332,1684,0.027741602908459492
1118,15086,Scioto County,-83.000261,38.73218,15841,A1992125,PORTSMOUTH STEM ACADEMY,614 3RD ST,PORTSMOUTH,OH,45662,39,39145,Scioto County,31,38.73218,-83.000261,39020,"Portsmouth, OH",2,170,"Charleston-Huntington-Ashland, WV-OH-KY",N,N,3902,39090,39014,2021-2022,39145002800,39145,73716,68616,2045,179,357,5,252,2262,46360,,285,252,106,48,10,135,332,1684,0.027741602908459492
1119,15087,Scioto County,-82.985707,38.750214,15838,1060182,NOTRE DAME JR/SR HIGH,2220 SUNRISE AVE,PORTSMOUTH,OH,45662,39,39145,Scioto County,31,38.750214,-82.985707,39020,"Portsmouth, OH",2,170,"Charleston-Huntington-Ashland, WV-OH-KY",N,N,3902,39090,39014,2021-2022,39145003300,39145,73716,68616,2045,179,357,5,252,2262,46360,,285,252,106,48,10,135,332,1684,0.027741602908459492
1120,15088,Scioto County,-82.986346,38.736537,15840,A1903466,NOTRE DAME,1401 GALLIA ST,PORTSMOUTH,OH,45662,39,39145,Scioto County,31,38.736537,-82.986346,39020,"Portsmouth, OH",2,170,"Charleston-Huntington-Ashland, WV-OH-KY",N,N,3902,39090,39014,2021-2022,39145003600,39145,73716,68616,2045,179,357,5,252,2262,46360,,285,252,106,48,10,135,332,1684,0.027741602908459492
1160,16938,Wayne County,-81.914341,40.81182,16035,K9304391,MONTESSORI SCHOOL OF WOOSTER OHIO,1170 AKRON RD,WOOSTER,OH,44691,39,39169,Wayne County,32,40.81182,-81.914341,49300,"Wooster, OH",2,184,"Cleveland-Akron-Canton, OH",N,N,3916,39001,39027,2021-2022,39169001800,21231,19666,18280,97,268,8,0,515,498,41583,,67,77,127,15,19,174,217,4426,0.004932370588833519
1162,16940,Wayne County,-81.726426,40.696104,16022,A1302542,SUNNY VIEW,14402 HARRISON RD,APPLE CREEK,OH,44606,39,39169,Wayne County,42,40.696104,-81.726426,49300,"Wooster, OH",2,184,"Cleveland-Akron-Canton, OH",N,N,3916,39001,39027,2021-2022,39169001700,21231,19666,18280,97,268,8,0,515,498,41583,,67,77,127,15,19,174,217,4426,0.004932370588833519
1164,16942,Wayne County,-81.654222,40.740073,15986,A1302301,DEERFIELD,4859 DEERFIELD RD,DALTON,OH,44618,39,39169,Wayne County,41,40.740073,-81.654222,49300,"Wooster, OH",2,184,"Cleveland-Akron-Canton, OH",N,N,3916,39001,39027,2021-2022,39169001700,21231,19666,18280,97,268,8,0,515,498,41583,,67,77,127,15,19,174,217,4426,0.004932370588833519
1165,16943,Wayne County,-81.784058,40.697444,15987,A1302309,EAST MAYSVILLE,8392 MT HOPE RD,APPLE CREEK,OH,44606,39,39169,Wayne County,42,40.697444,-81.784058,49300,"Wooster, OH",2,184,"Cleveland-Akron-Canton, OH",N,N,3916,39001,39027,2021-2022,39169003700,21231,19666,18280,97,268,8,0,515,498,41583,,67,77,127,15,19,174,217,4426,0.004932370588833519
1167,16945,Wayne County,-81.798331,40.68069,16030,A1502883,HOGBACK,9856 HOGBACK RD,FREDERICKSBURG,OH,44627,39,39169,Wayne County,42,40.68069,-81.798331,49300,"Wooster, OH",2,184,"Cleveland-Akron-Canton, OH",N,N,3916,39001,39027,2021-2022,39169002200,21231,19666,18280,97,268,8,0,515,498,41583,,67,77,127,15,19,174,217,4426,0.004932370588833519
1169,16947,Wayne County,-81.810541,40.9097,16029,A1502878,HERITAGE PRIVATE SCHOOL INC.,9060 YODER RD,STERLING,OH,44276,39,39169,Wayne County,41,40.9097,-81.810541,49300,"Wooster, OH",2,184,"Cleveland-Akron-Canton, OH",N,N,3916,39001,39027,2021-2022,39169001700,21231,19666,18280,97,268,8,0,515,498,41583,,67,77,127,15,19,174,217,4426,0.004932370588833519
1170,16948,Wayne County,-81.772603,40.675792,16032,A1503057,WOODSIDE,11572 SALT CREEK RD,FREDERICKSBURG,OH,44627,39,39169,Wayne County,42,40.675792,-81.772603,49300,"Wooster, OH",2,184,"Cleveland-Akron-Canton, OH",N,N,3916,39001,39027,2021-2022,39169000800,21231,19666,18280,97,268,8,0,515,498,41583,,67,77,127,15,19,174,217,4426,0.004932370588833519
1174,16952,Wayne County,-81.759161,40.779112,16028,A1502839,DEER CREEK,12353 ARNOLD RD,ORRVILLE,OH,44667,39,39169,Wayne County,41,40.779112,-81.759161,49300,"Wooster, OH",2,184,"Cleveland-Akron-Canton, OH",N,N,3916,39001,39027,2021-2022,39169001700,21231,19666,18280,97,268,8,0,515,498,41583,,67,77,127,15,19,174,217,4426,0.004932370588833519
1178,16956,Wayne County,-81.842779,40.690622,15995,A1302343,HIDDEN VIEW,8917 S APPLE CREEK RD,FREDRICKSBURG,OH,44627,39,39169,Wayne County,42,40.690622,-81.842779,49300,"Wooster, OH",2,184,"Cleveland-Akron-Canton, OH",N,N,3916,39001,39027,2021-2022,39169002000,21231,19666,18280,97,268,8,0,515,498,41583,,67,77,127,15,19,174,217,4426,0.004932370588833519
1179,16957,Wayne County,-81.783671,40.74197,15989,A1302317,FOUNTAIN MEADOW,10880 EMERSON RD,APPLE CREEK,OH,44606,39,39169,Wayne County,42,40.74197,-81.783671,49300,"Wooster, OH",2,184,"Cleveland-Akron-Canton, OH",N,N,3916,39001,39027,2021-2022,39169003700,21231,19666,18280,97,268,8,0,515,498,41583,,67,77,127,15,19,174,217,4426,0.004932370588833519
1181,16959,Wayne County,-81.783644,40.682891,15985,A1302299,CUNNINGHAM ADEN SCHLABACH,9570 MOUNT HOPE RD,APPLE CREEK,OH,44606,39,39169,Wayne County,42,40.682891,-81.783644,49300,"Wooster, OH",2,184,"Cleveland-Akron-Canton, OH",N,N,3916,39001,39027,2021-2022,39169003300,21231,19666,18280,97,268,8,0,515,498,41583,,67,77,127,15,19,174,217,4426,0.004932370588833519
1183,16961,Wayne County,-81.661609,40.689437,16003,A1302399,MEADOW VALLEY,9031 W LEBANON RD,NAVARRE,OH,44662,39,39169,Wayne County,41,40.689437,-81.661609,49300,"Wooster, OH",2,184,"Cleveland-Akron-Canton, OH",N,N,3916,39001,39027,2021-2022,39169001800,21231,19666,18280,97,268,8,0,515,498,41583,,67,77,127,15,19,174,217,4426,0.004932370588833519
1186,16964,Wayne County,-82.107431,40.97418,16033,A1702911,WEST SALEM CHRISTIAN EDUCATORS,99 E BUCKEYE ST,WEST SALEM,OH,44287,39,39169,Wayne County,42,40.97418,-82.107431,49300,"Wooster, OH",2,184,"Cleveland-Akron-Canton, OH",N,N,3916,39001,39027,2021-2022,39169001700,21231,19666,18280,97,268,8,0,515,498,41583,,67,77,127,15,19,174,217,4426,0.004932370588833519
1189,16967,Wayne County,-81.804118,40.788539,16019,A1302528,STONE HILL,698 S SWINEHART RD,APPLE CREEK,OH,44606,39,39169,Wayne County,41,40.788539,-81.804118,49300,"Wooster, OH",2,184,"Cleveland-Akron-Canton, OH",N,N,3916,39001,39027,2021-2022,39169001700,21231,19666,18280,97,268,8,0,515,498,41583,,67,77,127,15,19,174,217,4426,0.004932370588833519
1193,16971,Wayne County,-81.792283,40.698093,15994,A1302336,GREEN VALLEY,8336 FOUNTAIN NOOK RD,APPLE CREEK,OH,44606,39,39169,Wayne County,42,40.698093,-81.792283,49300,"Wooster, OH",2,184,"Cleveland-Akron-Canton, OH",N,N,3916,39001,39027,2021-2022,39169001700,21231,19666,18280,97,268,8,0,515,498,41583,,67,77,127,15,19,174,217,4426,0.004932370588833519
1194,16972,Wayne County,-81.803926,40.768275,15983,A1302291,COUNTRY MEADOW,2594 SWINEHART RD,APPLE CREEK,OH,44606,39,39169,Wayne County,41,40.768275,-81.803926,49300,"Wooster, OH",2,184,"Cleveland-Akron-Canton, OH",N,N,3916,39001,39027,2021-2022,39169001700,21231,19666,18280,97,268,8,0,515,498,41583,,67,77,127,15,19,174,217,4426,0.004932370588833519
1196,16974,Wayne County,-81.816044,40.682774,15984,A1302297,CRISWELL,9600 CRISWELL RD,FREDERICKSBURG,OH,44627,39,39169,Wayne County,42,40.682774,-81.816044,49300,"Wooster, OH",2,184,"Cleveland-Akron-Canton, OH",N,N,3916,39001,39027,2021-2022,39169001700,21231,19666,18280,97,268,8,0,515,498,41583,,67,77,127,15,19,174,217,4426,0.004932370588833519
1199,16977,Wayne County,-81.833371,40.7245,15997,A1302356,IRON WOOD,7835 BUSS RD,APPLE CREEK,OH,44606,39,39169,Wayne County,42,40.7245,-81.833371,49300,"Wooster, OH",2,184,"Cleveland-Akron-Canton, OH",N,N,3916,39001,39027,2021-2022,39169001700,21231,19666,18280,97,268,8,0,515,498,41583,,67,77,127,15,19,174,217,4426,0.004932370588833519
1200,16978,Wayne County,-81.808465,40.694393,16026,A1302567,WEST MAYSVILLE,9313 HARRISON RD,APPLE CREEK,OH,44606,39,39169,Wayne County,42,40.694393,-81.808465,49300,"Wooster, OH",2,184,"Cleveland-Akron-Canton, OH",N,N,3916,39001,39027,2021-2022,39169003300,21231,19666,18280,97,268,8,0,515,498,41583,,67,77,127,15,19,174,217,4426,0.004932370588833519
1201,16979,Wayne County,-81.716521,40.68239,16025,A1302560,WALNUT HILL,9601 MASSILON RD,DUNDEE,OH,44624,39,39169,Wayne County,42,40.68239,-81.716521,49300,"Wooster, OH",2,184,"Cleveland-Akron-Canton, OH",N,N,3916,39001,39027,2021-2022,39169001700,21231,19666,18280,97,268,8,0,515,498,41583,,67,77,127,15,19,174,217,4426,0.004932370588833519
1203,16981,Wayne County,-81.843204,40.706942,16027,A1302581,WOODLAND,7545 S APPLE CREEK RD,FREDRICKSBURG,OH,44627,39,39169,Wayne County,42,40.706942,-81.843204,49300,"Wooster, OH",2,184,"Cleveland-Akron-Canton, OH",N,N,3916,39001,39027,2021-2022,39169002500,21231,19666,18280,97,268,8,0,515,498,41583,,67,77,127,15,19,174,217,4426,0.004932370588833519
1208,16986,Wayne County,-81.770131,40.70918,16024,A1302551,TROY ACRES,7387 S KANSAS RD,APPLE CREEK,OH,44606,39,39169,Wayne County,42,40.70918,-81.770131,49300,"Wooster, OH",2,184,"Cleveland-Akron-Canton, OH",N,N,3916,39001,39027,2021-2022,39169001700,21231,19666,18280,97,268,8,0,515,498,41583,,67,77,127,15,19,174,217,4426,0.004932370588833519
1209,16987,Wayne County,-81.831905,40.682955,15991,A1302323,FREASE RIDGE,7808 FREASE RD,FREDRICKSBURG,OH,44627,39,39169,Wayne County,42,40.682955,-81.831905,49300,"Wooster, OH",2,184,"Cleveland-Akron-Canton, OH",N,N,3916,39001,39027,2021-2022,39169003700,21231,19666,18280,97,268,8,0,515,498,41583,,67,77,127,15,19,174,217,4426,0.004932370588833519
1213,16991,Wayne County,-81.716781,40.668418,16016,A1302504,SPRING BROOK,14987 DURSTINE RD,DUNDEE,OH,44624,39,39169,Wayne County,42,40.668418,-81.716781,49300,"Wooster, OH",2,184,"Cleveland-Akron-Canton, OH",N,N,3916,39001,39027,2021-2022,39169001400,21231,19666,18280,97,268,8,0,515,498,41583,,67,77,127,15,19,174,217,4426,0.004932370588833519
1215,16993,Wayne County,-81.862601,40.73556,16018,A1302507,SPRING RUN,5232 CUTTER RD,APPLE CREEK,OH,44606,39,39169,Wayne County,42,40.73556,-81.862601,49300,"Wooster, OH",2,184,"Cleveland-Akron-Canton, OH",N,N,3916,39001,39027,2021-2022,39169001700,21231,19666,18280,97,268,8,0,515,498,41583,,67,77,127,15,19,174,217,4426,0.004932370588833519
1219,16997,Wayne County,-81.794349,40.728647,15990,A1302318,FOUNTAIN NOOK C/O JOHN TROYER,5821 FOUNTAIN NOOK RD,APPLE CREEK,OH,44606,39,39169,Wayne County,42,40.728647,-81.794349,49300,"Wooster, OH",2,184,"Cleveland-Akron-Canton, OH",N,N,3916,39001,39027,2021-2022,39169001700,21231,19666,18280,97,268,8,0,515,498,41583,,67,77,127,15,19,174,217,4426,0.004932370588833519
1220,16998,Wayne County,-81.754898,40.702807,15999,A1302363,KOHLER MEADOW,7940 KOHLER RD,APPLE CREEK,OH,44606,39,39169,Wayne County,42,40.702807,-81.754898,49300,"Wooster, OH",2,184,"Cleveland-Akron-Canton, OH",N,N,3916,39001,39027,2021-2022,39169003700,21231,19666,18280,97,268,8,0,515,498,41583,,67,77,127,15,19,174,217,4426,0.004932370588833519
1223,17001,Wayne County,-81.805048,40.777412,16000,A1302385,MAPLE GROVE,9561 ELY RD,ORRVILLE,OH,44667,39,39169,Wayne County,41,40.777412,-81.805048,49300,"Wooster, OH",2,184,"Cleveland-Akron-Canton, OH",N,N,3916,39001,39027,2021-2022,39169001700,21231,19666,18280,97,268,8,0,515,498,41583,,67,77,127,15,19,174,217,4426,0.004932370588833519
1226,17004,Wayne County,-81.87361,40.726479,16017,A1302505,SPRING HILL,4117 BUSS RD,APPLE CREEK,OH,44606,39,39169,Wayne County,42,40.726479,-81.87361,49300,"Wooster, OH",2,184,"Cleveland-Akron-Canton, OH",N,N,3916,39001,39027,2021-2022,39169003700,21231,19666,18280,97,268,8,0,515,498,41583,,67,77,127,15,19,174,217,4426,0.004932370588833519
1227,17005,Wayne County,-81.707077,40.732449,16013,A1302496,SOUTH BOONE,5515 WENGER RD,DALTON,OH,44618,39,39169,Wayne County,41,40.732449,-81.707077,49300,"Wooster, OH",2,184,"Cleveland-Akron-Canton, OH",N,N,3916,39001,39027,2021-2022,39169003300,21231,19666,18280,97,268,8,0,515,498,41583,,67,77,127,15,19,174,217,4426,0.004932370588833519
1228,17006,Wayne County,-81.794987,40.712395,16020,A1302535,SUMMIT VALLEY,10126 E MORELAND RD,APPLE CREEK,OH,44606,39,39169,Wayne County,42,40.712395,-81.794987,49300,"Wooster, OH",2,184,"Cleveland-Akron-Canton, OH",N,N,3916,39001,39027,2021-2022,39169001700,21231,19666,18280,97,268,8,0,515,498,41583,,67,77,127,15,19,174,217,4426,0.004932370588833519
1229,17007,Wayne County,-81.820667,40.727658,15992,A1302326,GEIS ACRES SCHOOL,5895 S CARR RD,APPLE CREEK,OH,44606,39,39169,Wayne County,42,40.727658,-81.820667,49300,"Wooster, OH",2,184,"Cleveland-Akron-Canton, OH",N,N,3916,39001,39027,2021-2022,39169003700,21231,19666,18280,97,268,8,0,515,498,41583,,67,77,127,15,19,174,217,4426,0.004932370588833519
1233,17011,Wayne County,-81.690241,40.75354,15981,A1302273,CHESTNUT VALLEY,16620 HACKETT RD,DALTON,OH,44618,39,39169,Wayne County,41,40.75354,-81.690241,49300,"Wooster, OH",2,184,"Cleveland-Akron-Canton, OH",N,N,3916,39001,39027,2021-2022,39169003700,21231,19666,18280,97,268,8,0,515,498,41583,,67,77,127,15,19,174,217,4426,0.004932370588833519
1236,17014,Wayne County,-81.887041,40.68742,16002,A1302398,MEADOW SPRINGS,4195 GRABER RD,FREDRICKSBURG,OH,44627,39,39169,Wayne County,42,40.68742,-81.887041,49300,"Wooster, OH",2,184,"Cleveland-Akron-Canton, OH",N,N,3916,39001,39027,2021-2022,39169001700,21231,19666,18280,97,268,8,0,515,498,41583,,67,77,127,15,19,174,217,4426,0.004932370588833519
1239,17017,Wayne County,-81.847817,40.673742,16001,A1302397,MEADOW ROCK,6835 SALT CREEK RD,FREDERICKSBURG,OH,44627,39,39169,Wayne County,42,40.673742,-81.847817,49300,"Wooster, OH",2,184,"Cleveland-Akron-Canton, OH",N,N,3916,39001,39027,2021-2022,39169001800,21231,19666,18280,97,268,8,0,515,498,41583,,67,77,127,15,19,174,217,4426,0.004932370588833519
1243,17021,Wayne County,-81.823606,40.765989,16014,A1302501,SOUTH MILLBORNE,2764 S MILLBORNE RD,APPLE CREEK,OH,44606,39,39169,Wayne County,42,40.765989,-81.823606,49300,"Wooster, OH",2,184,"Cleveland-Akron-Canton, OH",N,N,3916,39001,39027,2021-2022,39169001700,21231,19666,18280,97,268,8,0,515,498,41583,,67,77,127,15,19,174,217,4426,0.004932370588833519
1245,17023,Wayne County,-81.821831,40.69471,16012,A1302483,SCENIC KNOLL SCHOOL,8505 CRISWELL RD,FREDRICKSBURG,OH,44627,39,39169,Wayne County,42,40.69471,-81.821831,49300,"Wooster, OH",2,184,"Cleveland-Akron-Canton, OH",N,N,3916,39001,39027,2021-2022,39169001700,21231,19666,18280,97,268,8,0,515,498,41583,,67,77,127,15,19,174,217,4426,0.004932370588833519
1246,17024,Wayne County,-81.872751,40.71038,16005,A1302418,NEBO VALLEY,5025 MORELAND RD,WOOSTER,OH,44691,39,39169,Wayne County,42,40.71038,-81.872751,49300,"Wooster, OH",2,184,"Cleveland-Akron-Canton, OH",N,N,3916,39001,39027,2021-2022,39169001400,21231,19666,18280,97,268,8,0,515,498,41583,,67,77,127,15,19,174,217,4426,0.004932370588833519
1247,17025,Wayne County,-81.933661,40.70676,16021,A1302539,SUNNY MEADOW,7510 JAMES RD,WOOSTER,OH,44691,39,39169,Wayne County,42,40.70676,-81.933661,49300,"Wooster, OH",2,184,"Cleveland-Akron-Canton, OH",N,N,3916,39001,39027,2021-2022,39169001800,21231,19666,18280,97,268,8,0,515,498,41583,,67,77,127,15,19,174,217,4426,0.004932370588833519
1248,17026,Wayne County,-81.682181,40.698396,15988,A1302310,EAST MT EATON,17172 HARRISON RD SW,NAVARRE,OH,44662,39,39169,Wayne County,41,40.698396,-81.682181,49300,"Wooster, OH",2,184,"Cleveland-Akron-Canton, OH",N,N,3916,39001,39027,2021-2022,39169001700,21231,19666,18280,97,268,8,0,515,498,41583,,67,77,127,15,19,174,217,4426,0.004932370588833519
1250,17028,Wayne County,-81.780075,40.71456,15998,A1302359,JOHNSON SCHOOL,11036 E MORELAND RD,APPLE CREEK,OH,44606,39,39169,Wayne County,42,40.71456,-81.780075,49300,"Wooster, OH",2,184,"Cleveland-Akron-Canton, OH",N,N,3916,39001,39027,2021-2022,39169001700,21231,19666,18280,97,268,8,0,515,498,41583,,67,77,127,15,19,174,217,4426,0.004932370588833519
1251,17029,Wayne County,-82.125806,40.750218,15996,A1302355,INDIAN VALLEY,11359 BLACHLEYVILLE RD,WOOSTER,OH,44691,39,39169,Wayne County,42,40.750218,-82.125806,49300,"Wooster, OH",2,184,"Cleveland-Akron-Canton, OH",N,N,3916,39001,39027,2021-2022,39169001700,21231,19666,18280,97,268,8,0,515,498,41583,,67,77,127,15,19,174,217,4426,0.004932370588833519
1254,17032,Wayne County,-81.668742,40.673644,16015,A1302503,SOUTH VIEW,18099 DOVER RD,DUNDEE,OH,44624,39,39169,Wayne County,41,40.673644,-81.668742,49300,"Wooster, OH",2,184,"Cleveland-Akron-Canton, OH",N,N,3916,39001,39027,2021-2022,39169003700,21231,19666,18280,97,268,8,0,515,498,41583,,67,77,127,15,19,174,217,4426,0.004932370588833519
1260,17038,Wayne County,-81.860236,40.689094,16010,A1302473,RIDGE VIEW,9078 S CARR RD,FREDERICKSBURG,OH,44627,39,39169,Wayne County,42,40.689094,-81.860236,49300,"Wooster, OH",2,184,"Cleveland-Akron-Canton, OH",N,N,3916,39001,39027,2021-2022,39169001700,21231,19666,18280,97,268,8,0,515,498,41583,,67,77,127,15,19,174,217,4426,0.004932370588833519
1263,17041,Wayne County,-81.755461,40.72851,16008,A1302436,OAK GROVE II DAN STUTZMAN,5828 S KOHLER RD,APPLE CREEK,OH,44606,39,39169,Wayne County,42,40.72851,-81.755461,49300,"Wooster, OH",2,184,"Cleveland-Akron-Canton, OH",N,N,3916,39001,39027,2021-2022,39169001700,21231,19666,18280,97,268,8,0,515,498,41583,,67,77,127,15,19,174,217,4426,0.004932370588833519
1266,17044,Wayne County,-81.774292,40.668399,15979,A1302265,CALMOUTIER,10770 ABRAHAM RD,FREDRICKSBURG,OH,44627,39,39169,Wayne County,42,40.668399,-81.774292,49300,"Wooster, OH",2,184,"Cleveland-Akron-Canton, OH",N,N,3916,39001,39027,2021-2022,39169001700,21231,19666,18280,97,268,8,0,515,498,41583,,67,77,127,15,19,174,217,4426,0.004932370588833519
1267,17045,Wayne County,-81.954311,40.7017,16004,A1302409,MORELAND SCHOOL,8083 MILLERSBURG RD,WOOSTER,OH,44691,39,39169,Wayne County,42,40.7017,-81.954311,49300,"Wooster, OH",2,184,"Cleveland-Akron-Canton, OH",N,N,3916,39001,39027,2021-2022,39169001700,21231,19666,18280,97,268,8,0,515,498,41583,,67,77,127,15,19,174,217,4426,0.004932370588833519
1268,17046,Wayne County,-81.749131,40.75497,15976,A1302242,APPLE GROVE,12899 HACKETT RD,ORRVILLE,OH,44667,39,39169,Wayne County,42,40.75497,-81.749131,49300,"Wooster, OH",2,184,"Cleveland-Akron-Canton, OH",N,N,3916,39001,39027,2021-2022,39169001700,21231,19666,18280,97,268,8,0,515,498,41583,,67,77,127,15,19,174,217,4426,0.004932370588833519
1273,17051,Wayne County,-81.788374,40.798933,16006,A1302427,NORTH END,10544 OLD LINCOLN WAY E,ORRVILLE,OH,44667,39,39169,Wayne County,41,40.798933,-81.788374,49300,"Wooster, OH",2,184,"Cleveland-Akron-Canton, OH",N,N,3916,39001,39027,2021-2022,39169001700,21231,19666,18280,97,268,8,0,515,498,41583,,67,77,127,15,19,174,217,4426,0.004932370588833519
1275,17053,Wayne County,-81.746211,40.68305,16009,A1302463,PLEASANT VIEW I,9529 KIDRON RD,APPLE CREEK,OH,44606,39,39169,Wayne County,42,40.68305,-81.746211,49300,"Wooster, OH",2,184,"Cleveland-Akron-Canton, OH",N,N,3916,39001,39027,2021-2022,39169001700,21231,19666,18280,97,268,8,0,515,498,41583,,67,77,127,15,19,174,217,4426,0.004932370588833519
1276,17054,Wayne County,-81.785119,40.680096,16011,A1302477,ROCK VALLEY,9771 MT HOPE RD,APPLE CREEK,OH,44606,39,39169,Wayne County,42,40.680096,-81.785119,49300,"Wooster, OH",2,184,"Cleveland-Akron-Canton, OH",N,N,3916,39001,39027,2021-2022,39169003700,21231,19666,18280,97,268,8,0,515,498,41583,,67,77,127,15,19,174,217,4426,0.004932370588833519
1278,17056,Wayne County,-81.697281,40.71551,16007,A1302428,NORTH FORK,6869 S MT. EATON RD,DALTON,OH,44618,39,39169,Wayne County,41,40.71551,-81.697281,49300,"Wooster, OH",2,184,"Cleveland-Akron-Canton, OH",N,N,3916,39001,39027,2021-2022,39169003300,21231,19666,18280,97,268,8,0,515,498,41583,,67,77,127,15,19,174,217,4426,0.004932370588833519
1280,17058,Wayne County,-81.547221,39.46687,15969,1060477,ST JOHN CENTRAL GRADE SCHOOL,17654 STATE ROUTE 676,MARIETTA,OH,45750,39,39167,Washington County,42,39.46687,-81.547221,31930,"Marietta, OH",2,425,"Parkersburg-Marietta-Vienna, WV-OH",N,N,3906,39095,39030,2021-2022,39169002901,21231,19666,18280,97,268,8,0,515,498,41583,,67,77,127,15,19,174,217,4426,0.004932370588833519
1281,17059,Wayne County,-81.934271,40.8041,15972,1058978,ST MARY OF IMMACULATE CONCEPTION SCHOOL,515 BEALL AVE,WOOSTER,OH,44691,39,39169,Wayne County,32,40.8041,-81.934271,49300,"Wooster, OH",2,184,"Cleveland-Akron-Canton, OH",N,N,3916,39001,39027,2021-2022,39169001400,21231,19666,18280,97,268,8,0,515,498,41583,,67,77,127,15,19,174,217,4426,0.004932370588833519
1283,17061,Wayne County,-81.746671,40.709786,15977,A1302250,BEECH GROVE,7373 KIDRON RD,APPLE CREEK,OH,44606,39,39169,Wayne County,42,40.709786,-81.746671,49300,"Wooster, OH",2,184,"Cleveland-Akron-Canton, OH",N,N,3916,39001,39027,2021-2022,39169001700,21231,19666,18280,97,268,8,0,515,498,41583,,67,77,127,15,19,174,217,4426,0.004932370588833519
1284,17062,Wayne County,-81.785041,40.77015,15975,A1302240,ANDERSON SCHOOL,10795 LAUTENSCHLAGER RD,APPLE CREEK,OH,44606,39,39169,Wayne County,41,40.77015,-81.785041,49300,"Wooster, OH",2,184,"Cleveland-Akron-Canton, OH",N,N,3916,39001,39027,2021-2022,39169003300,21231,19666,18280,97,268,8,0,515,498,41583,,67,77,127,15,19,174,217,4426,0.004932370588833519
